Order,Component,Type
1,一,kanji
2,1,word-component
3,つう,word-reading
4,つ,word
5,一つ,word
6,。,sentence-component
7,七,kanji
8,方,kanji
9,一方,word
10,は,word
11,九,kanji
12,日,kanji
13,土,kanji
14,寸,kanji
15,寺,kanji
16,時,kanji
17,時,word
18,一時,word
19,の,word
20,二,kanji
21,釆,radical
22,田,kanji
23,番,kanji
24,一番,word
25,た,word
26,人,kanji
27,舟,kanji
28,几,radical
29,又,kanji
30,殳,radical
31,般,kanji
32,一般,word
33,を,word
34,入,kanji
35,立,kanji
36,口,kanji
37,咅,kanji
38,邑,kanji
39,邑(⻏),kanji-variant
40,部,kanji
41,一部,word
42,に,word
43,八,kanji
44,7,word-component
45,七,word
46,で,word
47,じゃ。,sentence
48,て,word
49,力,kanji
50,3,word-component
51,三,kanji
52,三,word
53,だ,word
54,十,kanji
55,不,kanji
56,水,kanji
57,水(氵),kanji-variant
58,儿,radical
59,兄,kanji
60,況,kanji
61,不況,word
62,が,word
63,与,kanji
64,党,kanji
65,与党,word
66,戊,kanji
67,成,kanji
68,成る,word
69,為,kanji
70,為る,word
71,上,kanji
72,世,kanji
73,人(𠆢),kanji-variant
74,介,kanji
75,界,kanji
76,世界,word
77,彳,radical
78,皮,kanji
79,彼,kanji
80,彼,word
81,下,kanji
82,中,kanji
83,央,kanji
84,中央,word
85,、,sentence-component
86,千,kanji
87,心,kanji
88,中心,word
89,尸,radical
90,古,kanji
91,居,kanji
92,居る,word
93,9,word-component
94,九,word
95,予,kanji
96,宀,radical
97,定,kanji
98,予定,word
99,ます,word
100,夕,kanji
101,竹,kanji
102,目,kanji
103,廾,radical
104,算,kanji
105,予算,word
106,と,word
107,大,kanji
108,事,kanji
109,人(亻),kanji-variant
110,牛,kanji
111,件,kanji
112,事件,word
113,火,kanji
114,火(灬),kanji-variant
115,無,kanji
116,無い,word
117,ない,word
118,彼はいないだろう。,sentence
119,女,kanji
120,矛,kanji
121,務,kanji
122,事務,word
123,か,word
124,子,kanji
125,戸,kanji
126,戸(戶),kanji-variant
127,斤,kanji
128,所,kanji
129,所,word
130,事務所,word
131,事務所にいます。,sentence
132,です,word
133,小,kanji
134,実,kanji
135,事実,word
136,其,kanji
137,其の,word
138,じゃあその時に。,sentence
139,山,kanji
140,その時にしていただろう。,sentence
141,心(忄),kanji-variant
142,青,kanji
143,情,kanji
144,事情,word
145,も,word
146,川,kanji
147,厶,radical
148,能,kanji
149,態,kanji
150,事態,word
151,月,kanji
152,有,kanji
153,有る,word
154,予定があるんだ。,sentence
155,攵,kanji
156,故,kanji
157,事故,word
158,事故があった。,sentence
159,こと,word
160,五,kanji
161,艸,kanji
162,艸(䒑),kanji-variant
163,未,kanji
164,業,kanji
165,事業,word
166,よ,word
167,彼にするよ。,sentence
168,亠,radical
169,六,kanji
170,2,word-component
171,二,word
172,円,kanji
173,二人,word
174,トム,sentence-component
175,トムがいない。,sentence
176,天,kanji
177,トムではないか。,sentence
178,5,word-component
179,トムでは無いのですか。,sentence
180,五,word
181,？,sentence-component
182,いる?,sentence
183,手,kanji
184,父,kanji
185,交,kanji
186,𠫓,kanji
187,㐬,kanji
188,流,kanji
189,交流,word
190,文,kanji
191,止,kanji
192,丿,radical
193,少,kanji
194,歩,kanji
195,渉,kanji
196,交渉,word
197,匕,radical
198,此,kanji
199,此の,word
200,このことはなかったことにしよう。,sentence
201,人々,word
202,丁,kanji
203,亍,kanji
204,行,kanji
205,行く,word
206,じゃあ、行こっか？,sentence
207,人口,word
208,トムも行くの？,sentence
209,辵,kanji
210,行かないと。,sentence
211,辵(⻍),kanji-variant
212,羊,kanji
213,達,kanji
214,達,word
215,木,kanji
216,人(𠂉),kanji-variant
217,乙,kanji
218,乙(⺄),kanji-variant
219,气,radical
220,気,kanji
221,人気,word
222,人気があるのですか。,sentence
223,卩,radical
224,彼は一般に人々に人気がある。,sentence
225,卸,kanji
226,御,kanji
227,御,word
228,門,kanji
229,間,kanji
230,人間,word
231,彼は、人間です。,sentence
232,から,word
233,だから？,sentence
234,亼,kanji
235,今,kanji
236,今(㇇),kanji-variant
237,囗,radical
238,回,kanji
239,今回,word
240,今回はしないよ。,sentence
241,丶,radical
242,艮,radical
243,良,kanji
244,良い,word
245,いいよ。,sentence
246,犬,kanji
247,よくなった？,sentence
248,年,kanji
249,彼はこのことをしなくてもよい。,sentence
250,今年,word
251,ず,word
252,トムがいません。,sentence
253,王,kanji
254,後,kanji
255,今後,word
256,れる,word
257,屮,radical
258,凵,radical
259,出,kanji
260,今月,word
261,人,word
262,いい人です。,sentence
263,右,kanji
264,士,kanji
265,仕,kanji
266,仕事,word
267,仕事がありますか。,sentence
268,来,kanji
269,来る,word
270,トムが来た。,sentence
271,四,kanji
272,弋,radical
273,代,kanji
274,表,kanji
275,代表,word
276,貝,kanji
277,貴,kanji
278,貴方,word
279,あなたですか？,sentence
280,工,kanji
281,貴方達は、人間です。,sentence
282,左,kanji
283,以,kanji
284,以来,word
285,てる,word
286,仕事してたよ。,sentence
287,本,kanji
288,企,kanji
289,企業,word
290,見,kanji
291,見る,word
292,その人を見なかった？,sentence
293,正,kanji
294,云,kanji
295,会,kanji
296,員,kanji
297,会員,word
298,トムは会員ですか？,sentence
299,ばっ,word-component
300,ば,word
301,あなたは仕事をしなければならない。,sentence
302,玉,kanji
303,示,kanji
304,社,kanji
305,会社,word
306,トムは会社にいる？,sentence
307,禾,kanji
308,私,kanji
309,私,word
310,あなたが来れば私は行きます。,sentence
311,私達,word
312,わたしには仕事が一番です。,sentence
313,生,kanji
314,私は、トムにされたことをトムにはしません。,sentence
315,会見,word
316,私はその時以来彼にあっていない。,sentence
317,出来る,word
318,あなたは私達と行きますか。,sentence
319,言,kanji
320,できた？,sentence
321,炎,kanji
322,談,kanji
323,会談,word
324,よう,word
325,彼はいい人のようだ。,sentence
326,白,kanji
327,羊(𦍌),kanji-variant
328,我,kanji
329,義,kanji
330,議,kanji
331,会議,word
332,私が会議に行きます。,sentence
333,等,kanji
334,等,word
335,彼らならできる。,sentence
336,長,kanji
337,会長,word
338,其れ,word
339,あなたはそれを見ましたか？,sentence
340,石,kanji
341,主,kanji
342,住,kanji
343,乇,kanji
344,宅,kanji
345,住宅,word
346,尹,kanji
347,君,kanji
348,君,word
349,君、トムなの？,sentence
350,民,kanji
351,住民,word
352,たい,word
353,あなたはそれを見たいですか。,sentence
354,休,kanji
355,体,kanji
356,刀,kanji
357,刀(刂),kanji-variant
358,制,kanji
359,体制,word
360,牛(⺧),kanji-variant
361,先,kanji
362,乍,kanji
363,作,kanji
364,品,kanji
365,作品,word
366,下さる,word
367,それをください。,sentence
368,名,kanji
369,作業,word
370,ね,word
371,いいね。,sentence
372,字,kanji
373,西,kanji
374,西(覀),kanji-variant
375,価,kanji
376,夂,radical
377,各,kanji
378,格,kanji
379,価格,word
380,牛(牜),kanji-variant
381,勹,radical
382,勿,kanji
383,物,kanji
384,物,word
385,それを見たいものです。,sentence
386,呆,kanji
387,保,kanji
388,艸(艹),kanji-variant
389,隹,radical
390,隻,kanji
391,蒦,kanji
392,護,kanji
393,保護,word
394,1,sentence-component
395,貴方達は、一つです。,sentence
396,早,kanji
397,信,kanji
398,信,word
399,呉,kanji
400,呉れる,word
401,トムがそれ、くれたの？,sentence
402,固,kanji
403,個,kanji
404,個人,word
405,豕,radical
406,家,kanji
407,家,word
408,いい家のようです。,sentence
409,百,kanji
410,丨,radical
411,候,kanji
412,衣,kanji
413,衣(衤),kanji-variant
414,甫,kanji
415,補,kanji
416,候補,word
417,って,word
418,それって、トムから？,sentence
419,憂,kanji
420,だって事実だろ。,sentence
421,優,kanji
422,勝,kanji
423,優勝,word
424,トムが優勝したんだよ。,sentence
425,どう,word
426,あなたなら、どうしますか？,sentence
427,糸,kanji
428,小(⺌),kanji-variant
429,光,kanji
430,光,word
431,君は世界の光だよ。,sentence
432,此れ,word
433,これ、あなたのですか？,sentence
434,耳,kanji
435,全,kanji
436,全体,word
437,まで,word
438,じゃあその時までね。,sentence
439,虫,kanji
440,国,kanji
441,全国,word
442,へ,word
443,私が君のところへ行くよ。,sentence
444,村,kanji
445,8,word-component
446,八,word
447,な,word
448,いいなあ。,sentence
449,男,kanji
450,6,word-component
451,六,word
452,誰,kanji
453,誰,word
454,あなたは誰ですか。,sentence
455,町,kanji
456,廿,kanji
457,廿(卄),kanji-variant
458,共,kanji
459,冂,radical
460,同,kanji
461,共同,word
462,中,word
463,トムは家の中に居る。,sentence
464,乙(乚),kanji-variant
465,化,kanji
466,花,kanji
467,具,kanji
468,具体,word
469,勺,kanji
470,的,kanji
471,的,word
472,具体的,word
473,㠯,kanji
474,遣,kanji
475,遣る,word
476,あなたがやれば。,sentence
477,内,kanji
478,私たちは共同でその会社をやっていた。,sentence
479,谷,kanji
480,私は彼と共同で事業をやる。,sentence
481,容,kanji
482,内容,word
483,為さる,word
484,いいから家にいなさい。,sentence
485,閣,kanji
486,内閣,word
487,好,kanji
488,好き,word
489,あなたが好きです。,sentence
490,赤,kanji
491,お好きなように。,sentence
492,冖,radical
493,写,kanji
494,真,kanji
495,写真,word
496,この写真を見て下さい。,sentence
497,取,kanji
498,取る,word
499,これは私が彼の家でとった写真です。,sentence
500,足,kanji
501,身,kanji
502,出身,word
503,方,word
504,あなたは行ったほうがいい。,sentence
505,車,kanji
506,分,kanji
507,里,kanji
508,野,kanji
509,分野,word
510,夫,kanji
511,菐,kanji
512,僕,kanji
513,僕,word
514,あなたが行かないのなら、僕も行かない。,sentence
515,学,kanji
516,初,kanji
517,初,word
518,舌,kanji
519,話,kanji
520,話す,word
521,あなたがトムと話しているのを見ました。,sentence
522,林,kanji
523,彼は会社を代表して、私に話してくれた。,sentence
524,半,kanji
525,判,kanji
526,米,kanji
527,断,kanji
528,判断,word
529,これから判断すると。,sentence
530,られる,word
531,どうして彼は来られなかったのですか。,sentence
532,穴,kanji
533,空,kanji
534,夬,kanji
535,決,kanji
536,判決,word
537,手(扌),kanji-variant
538,持,kanji
539,持つ,word
540,あなたの物を持って行け。,sentence
541,金,kanji
542,广,radical
543,度,kanji
544,制度,word
545,本,word
546,あなたの本です。,sentence
547,雨,kanji
548,肖,kanji
549,削,kanji
550,戌,kanji
551,咸,kanji
552,減,kanji
553,削減,word
554,もう,word
555,あなたはもう行ったほうがいい。,sentence
556,前,kanji
557,前年,word
558,為,word
559,あなたのためにしました。,sentence
560,草,kanji
561,加,kanji
562,明,kanji
563,皿,kanji
564,盟,kanji
565,加盟,word
566,分かる,word
567,1つ分からないことがあります。,sentence
568,音,kanji
569,奴,kanji
570,努,kanji
571,努力,word
572,君も努力してよ。,sentence
573,メアリー,sentence-component
574,トムがメアリーに話すよ。,sentence
575,校,kanji
576,労,kanji
577,重,kanji
578,動,kanji
579,働,kanji
580,労働,word
581,辵(⻌),kanji-variant
582,迚,kanji
583,迚も,word
584,この家はとても良い。,sentence
585,森,kanji
586,効,kanji
587,果,kanji
588,効果,word
589,より,word
590,あなたよりトムの方が好きなの。,sentence
591,動き,word
592,そう,word
593,そう。,sentence
594,万,kanji
595,圥,kanji
596,坴,kanji
597,丸,kanji
598,埶,kanji
599,勢,kanji
600,勢力,word
601,出る,word
602,それは出ていった。,sentence
603,北,kanji
604,北,word
605,2,sentence-component
606,私たちは二時まで話していた。,sentence
607,匚,radical
608,矢,kanji
609,医,kanji
610,疒,radical
611,尞,kanji
612,療,kanji
613,医療,word
614,吾,kanji
615,語,kanji
616,語,word
617,弓,kanji
618,10,word-component
619,十,word
620,処,kanji
621,此処,word
622,あなたの本がここにあります。,sentence
623,才,kanji
624,千,word
625,せる,word
626,これ、僕にやらせてよ。,sentence
627,午,kanji
628,午前,word
629,今,word
630,それ、今した方がいいよ。,sentence
631,兀,kanji
632,元,kanji
633,午後,word
634,午後に私の事務所に来てください。,sentence
635,会う,word
636,あなたに会いたい方がおいでです。,sentence
637,公,kanji
638,劦,kanji
639,協,kanji
640,協力,word
641,私は彼と協力した。,sentence
642,「,sentence-component
643,協議,word
644,」,sentence-component
645,「どうして行かないの？」「行きたくないからだよ。」,sentence
646,南,kanji
647,南,word
648,日本,word
649,ここが日本です。,sentence
650,切,kanji
651,刀(⺈),kanji-variant
652,厂,radical
653,厃,kanji
654,危,kanji
655,幾,kanji
656,機,kanji
657,危機,word
658,原,kanji
659,則,kanji
660,原則,word
661,聞,kanji
662,聞く,word
663,あなたが来るって聞いてなかったよ。,sentence
664,友,kanji
665,因,kanji
666,原因,word
667,そうです。原因だってわかってますよ。,sentence
668,𡗗,kanji
669,臼,kanji
670,舂,kanji
671,舂く,word
672,突,kanji
673,突く,word
674,氏,kanji
675,氐,kanji
676,鳥,kanji
677,鴟,kanji
678,鵂,kanji
679,鴟鵂,word
680,免,kanji
681,兔,kanji
682,菟,kanji
683,木菟,word
684,角,kanji
685,角,word
686,角の家は私たちの家です。,sentence
687,鴟,word
688,吐,kanji
689,吐く,word
690,付,kanji
691,付く,word
692,あなたにはついていけません。,sentence
693,つく,word
694,これについては分かりません。,sentence
695,太,kanji
696,私は、あなたがそのことについて話せない事情もわかる。,sentence
697,彡,radical
698,参,kanji
699,参加,word
700,あなたは彼が参加したいかどうか聞けばそれでいい。,sentence
701,前,word
702,あなたたち、前に会ったことある？,sentence
703,反,kanji
704,対,kanji
705,反対,word
706,トムは反対したの？,sentence
707,！,sentence-component
708,「トム！」「メアリー！」,sentence
709,引,kanji
710,ちっ！,sentence
711,取り引き,word
712,あなたと取り引きします。,sentence
713,取引,word
714,食,kanji
715,食べる,word
716,あなたがこれ食べるんなら、私も食べる。,sentence
717,可,kanji
718,可能,word
719,可能であれば来てください。,sentence
720,金,word
721,その金はわたしのではない。,sentence
722,台,kanji
723,台,word
724,3,sentence-component
725,これを三つください。,sentence
726,右,word
727,日本は今午前3時です。,sentence
728,舛,radical
729,舞,kanji
730,仕舞う,word
731,あなたが来る前に私たちは行ってしまうよ。,sentence
732,合,kanji
733,吐いてしまいました。,sentence
734,意,kanji
735,合意,word
736,良く,word
737,いいか、よく聞いてくれ！,sentence
738,毛,kanji
739,同時,word
740,二つのことを同時にはできないよ。,sentence
741,圭,kanji
742,彼ね、ふたつ同時にできるのよ。,sentence
743,卜,kanji
744,卦,kanji
745,掛,kanji
746,掛ける,word
747,お掛けください。,sentence
748,かける,word
749,おかけ下さい。,sentence
750,冂,kanji
751,冂(⺆),kanji-variant
752,周,kanji
753,辺,kanji
754,周辺,word
755,目(⺫),kanji-variant
756,買,kanji
757,買う,word
758,あなたはこの本を買いましたか。,sentence
759,和,kanji
760,１台買わなければならない。,sentence
761,平,kanji
762,和平,word
763,冏,kanji
764,商,kanji
765,商品,word
766,それは人気商品だ。,sentence
767,直,kanji
768,直ぐ,word
769,あなたはすぐに行かなければならない。,sentence
770,冬,kanji
771,問,kanji
772,是,kanji
773,頁,kanji
774,題,kanji
775,問題,word
776,あなたの問題は私にはわかっています。,sentence
777,何,kanji
778,私たちはその問題を彼らと協議した。,sentence
779,何処,word
780,あなたは何処から来ましたか。,sentence
781,どこ,word
782,「どこにいるの？」「ここだよ」,sentence
783,4,word-component
784,ご出身はどこですか。,sentence
785,四,word
786,彼の,word
787,あの。。。,sentence
788,复,kanji
789,あの二人、できてるの？,sentence
790,復,kanji
791,回復,word
792,トムは回復した。,sentence
793,さん,word
794,トムさんはメアリーさんのやっていることがわかりません。,sentence
795,団,kanji
796,団体,word
797,丈,kanji
798,丈,word
799,だけ,word
800,あなたが好きなだけお取り下さい。,sentence
801,国,word
802,あなたはどこの国の出身ですか。,sentence
803,老,kanji
804,老(耂),kanji-variant
805,者,kanji
806,者,word
807,彼がどこにいるのか、わかる者はいなかった。,sentence
808,外,kanji
809,国会,word
810,べし,word
811,あなたはここで食べるべきではない。,sentence
812,巾,kanji
813,市,kanji
814,国内,word
815,そんな,word
816,「どうしてそんなことしたの？」「そうしたかったから」,sentence
817,広,kanji
818,国家,word
819,売,kanji
820,読,kanji
821,読む,word
822,あなたはこの本を読んでもいい。,sentence
823,母,kanji
824,国民,word
825,彼らは日本の国民となった。,sentence
826,用,kanji
827,連,kanji
828,国連,word
829,事,word
830,あなたはこの写真をどこかで見た事があるでしょう。,sentence
831,阜,kanji
832,阜(⻖),kanji-variant
833,祭,kanji
834,際,kanji
835,国際,word
836,入る,word
837,あのいえは今誰も人が入っていない。,sentence
838,也,kanji
839,地,kanji
840,土地,word
841,この土地とこの家は私の物ですよ。,sentence
842,比,kanji
843,この土地の一部は私のものだ。,sentence
844,皆,kanji
845,皆,word
846,ここにいた人々はみんな行ってしまった。,sentence
847,地元,word
848,何時,word
849,そうねえ、何時。,sentence
850,何時も,word
851,いつも,word
852,いつも、その本を読みたいんです。,sentence
853,戈,radical
854,或,kanji
855,域,kanji
856,地域,word
857,あの地域には入るな。,sentence
858,仏,kanji
859,仏,word
860,あの人は仏のような人だ。,sentence
861,柬,kanji
862,闌,kanji
863,蘭,kanji
864,蘭,word
865,西,word
866,私たちは、西へ行く。,sentence
867,フランス,word
868,あなたはフランスに行ったことあるの？,sentence
869,地方,word
870,未だ,word
871,あの本、まだ読んでるの？,sentence
872,求,kanji
873,球,kanji
874,地球,word
875,私たちは人間で地球から来ました。,sentence
876,聿,radical
877,曰,radical
878,書,kanji
879,書く,word
880,あなたがそれを書いたの？,sentence
881,基,kanji
882,基本,word
883,これは基本です。,sentence
884,上げる,word
885,あなたがメアリーの本を持ってあげてるのを見ました。,sentence
886,淮,kanji
887,その事件について話してあげよう。,sentence
888,準,kanji
889,基準,word
890,これは彼らの仕事の基準となろう。,sentence
891,明日,word
892,あしたは、来なくていいよ。,sentence
893,多,kanji
894,丶,kanji
895,丶(丷),kanji-variant
896,干,kanji
897,幸,kanji
898,𠬝,kanji
899,報,kanji
900,告,kanji
901,報告,word
902,彼は見たことを彼らに報告した。,sentence
903,貰,kanji
904,貰う,word
905,あなたにこの本を読んでもらいたい。,sentence
906,首,kanji
907,道,kanji
908,報道,word
909,彐,radical
910,当,kanji
911,旦,kanji
912,昜,kanji
913,場,kanji
914,場所,word
915,あなたの家でいいですか、場所は？,sentence
916,昨,kanji
917,昨日,word
918,あなたが昨日来てくれればよかったのに。,sentence
919,毎,kanji
920,声,kanji
921,声,word
922,あなたの声いいね。,sentence
923,けれど,word
924,あなたに話したいけど、でもできないの。,sentence
925,池,kanji
926,亦,kanji
927,変,kanji
928,変化,word
929,変化の時でした。,sentence
930,さ,word
931,そうさなんでも好きなものでいいんだ。,sentence
932,夏,kanji
933,夏,word
934,今年の夏はどこかへ行く予定ですか。,sentence
935,目,word
936,あなたはすぐ目の前にいました。,sentence
937,羽,kanji
938,外交,word
939,网,kanji
940,网(⺲),kanji-variant
941,置,kanji
942,置く,word
943,あの本を私のためにとっておいて下さい。,sentence
944,丂,kanji
945,考,kanji
946,外務,word
947,省,kanji
948,省,word
949,外務省,word
950,冎,kanji
951,咼,kanji
952,過,kanji
953,過ぎる,word
954,それは行きすぎである。,sentence
955,肉,kanji
956,外国,word
957,あなたは外国の本を持っていますか。,sentence
958,新,kanji
959,新しい,word
960,あなたはこの新しい仕事がすぐに好きになるだろう。,sentence
961,自,kanji
962,外国人,word
963,僕ら、外国人じゃないよ。,sentence
964,いつ,word
965,あなたの本はいつ出るのですか？,sentence
966,色,kanji
967,彼がいつ日本に来るか報道されるだろう。,sentence
968,相,kanji
969,外相,word
970,其処,word
971,そこ,word
972,あなたがどうしてそこへ行きたくないのかが分かります。,sentence
973,大会,word
974,そこには何時もだれかがいる。,sentence
975,フランス語,word
976,あなたはフランス語が話せますか。,sentence
977,大学,word
978,今後は、フランス語で話します。,sentence
979,尺,kanji
980,あなたは大学に行っていますか。,sentence
981,沢,kanji
982,沢山,word
983,この本にはたくさんの写真が入っている。,sentence
984,畐,kanji
985,幅,kanji
986,大幅,word
987,ほど,word
988,そこに居れば居るほどその土地が好きになる。,sentence
989,大手,word
990,お金,word
991,あのお金は僕んじゃないよ。,sentence
992,允,kanji
993,充,kanji
994,統,kanji
995,乙(龴),kanji-variant
996,令,kanji
997,領,kanji
998,大統領,word
999,君は大統領にもなる事が出来るよね。,sentence
1000,住む,word
1001,あの人たち、住む家がないのよ。,sentence
1002,乂,kanji
1003,彼は一時ここに住んでいた。,sentence
1004,図,kanji
1005,茂,kanji
1006,臣,kanji
1007,蔵,kanji
1008,大蔵,word
1009,大蔵省,word
1010,亜,kanji
1011,悪,kanji
1012,悪い,word
1013,あなたが悪い人なら、それはあなたの問題です。,sentence
1014,夫,word
1015,事態は悪くなる一方です。,sentence
1016,見える,word
1017,夫はいい人よ。,sentence
1018,丰,kanji
1019,その事故で彼は目が見えなくなった。,sentence
1020,契,kanji
1021,私は右の目が見えない。,sentence
1022,約,kanji
1023,契約,word
1024,契約したの？,sentence
1025,待,kanji
1026,私は価格について彼と契約する。,sentence
1027,待つ,word
1028,あなたの参加をお待ちしています。,sentence
1029,弔,kanji
1030,弟,kanji
1031,女子,word
1032,考える,word
1033,あなたなら、これをどう考えますか。,sentence
1034,开,kanji
1035,あなたは、この問題を全体として考えねばならない。,sentence
1036,形,kanji
1037,性,kanji
1038,女性,word
1039,あなたはどこでその女性を見ましたか。,sentence
1040,責,kanji
1041,積,kanji
1042,積もり,word
1043,あしたは家に居るつもりだ。,sentence
1044,妻,kanji
1045,妻,word
1046,あなたの妻はここにいる。,sentence
1047,全て,word
1048,あなたのことは全てわかっています。,sentence
1049,汽,kanji
1050,委,kanji
1051,委員,word
1052,委員達は皆それに反対している。,sentence
1053,掛かる,word
1054,いつお目にかかれますか。,sentence
1055,会,word
1056,この会の会員ですか。,sentence
1057,委員会,word
1058,その問題は委員会にかけられている。,sentence
1059,間,word
1060,この間彼に会った。,sentence
1061,氷,kanji
1062,氷(冫),kanji-variant
1063,欠,kanji
1064,次,kanji
1065,姿,kanji
1066,姿,word
1067,トムの姿はどこにも見えなかった。,sentence
1068,犬,word
1069,あなたの犬はここにいます。,sentence
1070,姿勢,word
1071,立つ,word
1072,いつここをお立ちになりますか。,sentence
1073,子,word
1074,あなたは悪い子ね。,sentence
1075,受,kanji
1076,受ける,word
1077,私も受けました。,sentence
1078,走,kanji
1079,供,kanji
1080,子供,word
1081,あなたはもう子供ではない。,sentence
1082,10,sentence-component
1083,10時まで仕事するつもりなの？,sentence
1084,近,kanji
1085,学校,word
1086,あなたがたの学校はどこにありますか。,sentence
1087,食(飠),kanji-variant
1088,飲,kanji
1089,飲む,word
1090,それは飲まないでください。,sentence
1091,学生,word
1092,あなたたちは学生ですか。,sentence
1093,くらい,word
1094,そのくらい誰でもできる。,sentence
1095,麦,kanji
1096,安,kanji
1097,安全,word
1098,あなたが安全な場所にいるといいですね。,sentence
1099,上,word
1100,この本は一番上に置いてください。,sentence
1101,京,kanji
1102,施,kanji
1103,実施,word
1104,入れる,word
1105,どうか中に入れて下さい。,sentence
1106,客,kanji
1107,客,word
1108,トムは客だ。,sentence
1109,合う,word
1110,あなたにとてもよく合います。,sentence
1111,夜,kanji
1112,亘,kanji
1113,宣,kanji
1114,宣言,word
1115,乗,kanji
1116,乗る,word
1117,ノってるね。,sentence
1118,妹,kanji
1119,廴,radical
1120,廷,kanji
1121,庭,kanji
1122,家庭,word
1123,あなたの家庭のことを書いて下さい。,sentence
1124,欲,kanji
1125,欲しい,word
1126,あなたが欲しいだけ取りなさい。,sentence
1127,姉,kanji
1128,具体的に話して欲しい。,sentence
1129,族,kanji
1130,家族,word
1131,あなたは家族の事を考えるべきです。,sentence
1132,高,kanji
1133,高い,word
1134,この本、高すぎるよ。,sentence
1135,岩,kanji
1136,疑,kanji
1137,容疑,word
1138,容疑者,word
1139,多い,word
1140,ここは人が多すぎるよ。,sentence
1141,多く,word
1142,この事故には多くの原因があった。,sentence
1143,卜(⺊),kanji-variant
1144,占,kanji
1145,店,kanji
1146,審,kanji
1147,審議,word
1148,その問題は審議中です。,sentence
1149,孝,kanji
1150,教,kanji
1151,教える,word
1152,あなた達のことを教えて。,sentence
1153,応,kanji
1154,対応,word
1155,歩く,word
1156,あなたは学校に歩いていきますか。,sentence
1157,東,kanji
1158,朿,kanji
1159,策,kanji
1160,対策,word
1161,帚,kanji
1162,帰,kanji
1163,帰る,word
1164,あなたが帰ったとき、私はもう出てしまっていた。,sentence
1165,象,kanji
1166,対象,word
1167,この本は子供を対象とした本です。,sentence
1168,作る,word
1169,それはわたしが作ったのよ。,sentence
1170,画,kanji
1171,丬,kanji
1172,将,kanji
1173,将来,word
1174,あなたの将来について考えなさい。,sentence
1175,付ける,word
1176,羊(⺶),kanji-variant
1177,着,kanji
1178,着ける,word
1179,つける,word
1180,「。」をつけてください。,sentence
1181,少し,word
1182,あなたはたくさんお金をもっているが私は少しももっていない。,sentence
1183,働く,word
1184,あなたはどこで働いていますか。,sentence
1185,知,kanji
1186,州,kanji
1187,州,word
1188,もっと,word
1189,あなたはもっと仕事をしなければなりません。,sentence
1190,工場,word
1191,そこに新しい工場を作ったらどうでしょうか。,sentence
1192,亡,kanji
1193,忘,kanji
1194,忘れる,word
1195,あたしをお忘れになったのですか。,sentence
1196,左,word
1197,入るお金が右から左へと出てしまう。,sentence
1198,早い,word
1199,あなたが早くやっていればよいことです。,sentence
1200,市,word
1201,この国には多くの市がある。,sentence
1202,内,word
1203,私たちは市内のある場所で会った。,sentence
1204,市内,word
1205,よる,word
1206,すべてはそれによるね。,sentence
1207,市場,word
1208,市場に行く。,sentence
1209,余,kanji
1210,余り,word
1211,あまり彼に会いません。,sentence
1212,至,kanji
1213,室,kanji
1214,始,kanji
1215,始める,word
1216,あなたはすぐに始めなければなりません。,sentence
1217,市民,word
1218,私は世界市民である。,sentence
1219,彐,kanji
1220,彐(⺕),kanji-variant
1221,寝,kanji
1222,寝る,word
1223,2時になったら寝るね。,sentence
1224,思,kanji
1225,平和,word
1226,彼が出て行けば家の中に平和になるだろう。,sentence
1227,友達,word
1228,あなたとあなたのお友達のお出でをお待ちしています。,sentence
1229,星,kanji
1230,匀,kanji
1231,均,kanji
1232,平均,word
1233,月,word
1234,10月にトムと会った。,sentence
1235,春,kanji
1236,年間,word
1237,トムは日本に10年間住んでいたことがあります。,sentence
1238,うち,word
1239,「そのうちに」はいつになっても来ない。,sentence
1240,昼,kanji
1241,𠦝,kanji
1242,幹,kanji
1243,幹事,word
1244,夅,kanji
1245,降,kanji
1246,降る,word
1247,活,kanji
1248,幹部,word
1249,頂,kanji
1250,頂く,word
1251,お入り頂きなさい。,sentence
1252,毎(每),kanji-variant
1253,海,kanji
1254,建,kanji
1255,設,kanji
1256,建設,word
1257,5,sentence-component
1258,5時ぐらいだよ。,sentence
1259,点,kanji
1260,強,kanji
1261,強化,word
1262,全く,word
1263,この地域に人が住んだことは全くない。,sentence
1264,秋,kanji
1265,トムはこの問題にどう対応すれば良いのか全く分からない。,sentence
1266,当初,word
1267,着く,word
1268,あなたが彼の家に着いたとき、彼は寝ているでしょう。,sentence
1269,斗,kanji
1270,科,kanji
1271,局,kanji
1272,当局,word
1273,同じ,word
1274,あなたにも同じようなことができますか。,sentence
1275,茶,kanji
1276,当時,word
1277,その当時、私はまだ学生であった。,sentence
1278,アメリカ,word
1279,あなたはアメリカに行くそうですね。,sentence
1280,計,kanji
1281,形,word
1282,どんな,word
1283,この国のどんなところが好きですか？,sentence
1284,風,kanji
1285,景,kanji
1286,影,kanji
1287,響,kanji
1288,影響,word
1289,その事件は彼の将来に影響した。,sentence
1290,歹,radical
1291,殆,kanji
1292,殆ど,word
1293,あの子は友達がほとんどいないのよ。,sentence
1294,役,kanji
1295,害,kanji
1296,割,kanji
1297,役割,word
1298,長い,word
1299,あなたがたは長い間話しましたか。,sentence
1300,後,word
1301,あとで君の家にいくよ。,sentence
1302,旨,kanji
1303,旨い,word
1304,うまかった。,sentence
1305,従,kanji
1306,従来,word
1307,バス,word
1308,あなたは歩いて行きますか。それともバスで行きますか。,sentence
1309,必,kanji
1310,要,kanji
1311,必要,word
1312,あなたがすぐそこへ行くことが必要だ。,sentence
1313,や,word
1314,あなたやあなたの家族について話して下さい。,sentence
1315,串,kanji
1316,患,kanji
1317,患者,word
1318,私は患者です。,sentence
1319,・,sentence-component
1320,情勢,word
1321,甬,kanji
1322,通,kanji
1323,通り,word
1324,このとおりを行きましょう。,sentence
1325,弱,kanji
1326,情報,word
1327,これまでのところ新しい情報はありません。,sentence
1328,なんて,word
1329,なんてね！,sentence
1330,向,kanji
1331,意向,word
1332,医者,word
1333,あなたは医者ですか。,sentence
1334,味,kanji
1335,意味,word
1336,この問題の意味がわかりません。,sentence
1337,楽,kanji
1338,楽しい,word
1339,あの本を読んでいて楽しかった？,sentence
1340,紙,kanji
1341,意見,word
1342,あなたとは全く意見が合わない。,sentence
1343,又,word
1344,その問題については、私なりの意見があります。,sentence
1345,己,kanji
1346,私は彼の意見に合意できなかった。,sentence
1347,記,kanji
1348,10月にまた会おう。,sentence
1349,憲,kanji
1350,去,kanji
1351,法,kanji
1352,憲法,word
1353,日本国憲法を読んだことがありますか。,sentence
1354,度,word
1355,あなたは二度と私に会いに来てはならない。,sentence
1356,成長,word
1357,あなたは成長しました。,sentence
1358,他,kanji
1359,他,word
1360,あなたの友達のほかに誰か来ますか。,sentence
1361,馬,kanji
1362,小(⺍),kanji-variant
1363,単,kanji
1364,戦,kanji
1365,争,kanji
1366,戦争,word
1367,いい戦争か悪い平和は何時でもじゃなかった。,sentence
1368,分,word
1369,5分もかからなかったよ。,sentence
1370,戦後,word
1371,知れる,word
1372,あなたはトムに会えないかもしれません。,sentence
1373,手,word
1374,あなたの手、きちゃな。,sentence
1375,込,kanji
1376,これらの商品の中には、地元では手に入らないものもあるかもしれない。,sentence
1377,込む,word
1378,批,kanji
1379,批判,word
1380,君はいつも僕を批判している。,sentence
1381,若,kanji
1382,若し,word
1383,もし、君が僕ならそんなことはしないだろう。,sentence
1384,理,kanji
1385,支,kanji
1386,技,kanji
1387,術,kanji
1388,技術,word
1389,その新しい仕事は彼の技術を必要とした。,sentence
1390,パーティー,word
1391,「トムのパーティー行く？」「まだ分かんない」,sentence
1392,細,kanji
1393,投,kanji
1394,票,kanji
1395,投票,word
1396,トムと僕のために投票してください。,sentence
1397,死,kanji
1398,死ぬ,word
1399,あの人は死んだ。,sentence
1400,且,kanji
1401,彼は前年に死んだ。,sentence
1402,組,kanji
1403,資,kanji
1404,投資,word
1405,彼はその新しい会社に投資してみた。,sentence
1406,一寸,word
1407,お金をお持ちでしたら、ちょっとかしてください。,sentence
1408,船,kanji
1409,拡,kanji
1410,拡大,word
1411,彼らの事業は拡大している。,sentence
1412,駅,kanji
1413,駅,word
1414,このバス、駅に行きますか。,sentence
1415,週,kanji
1416,市の中心に駅があります。,sentence
1417,指,kanji
1418,駅は市の中央にある。,sentence
1419,導,kanji
1420,指導,word
1421,何,word
1422,「あなたは何が欲しいですか」「犬が欲しいです」,sentence
1423,どの,word
1424,あなたに何かあげられたらなぁ・・・。,sentence
1425,申,kanji
1426,私の役割は何ですか。,sentence
1427,捜,kanji
1428,「バスはあとどのくらいで来ますか」「５分で来ます」,sentence
1429,査,kanji
1430,この市の人口はどのくらいですか。,sentence
1431,捜査,word
1432,予算はどのくらいでしょうか。,sentence
1433,ちゃう,word
1434,あなた、やっちゃったじゃない。,sentence
1435,雪,kanji
1436,推,kanji
1437,進,kanji
1438,推進,word
1439,信じる,word
1440,「そんなの誰も信じないって」「でもトムは信じてくれたよ」,sentence
1441,魚,kanji
1442,昔,kanji
1443,措,kanji
1444,措置,word
1445,わ,word
1446,あなたの為にならないわ。,sentence
1447,爪,kanji
1448,爪(爫),kanji-variant
1449,爰,kanji
1450,援,kanji
1451,助,kanji
1452,援助,word
1453,あなたの援助がなかったら、私はそれをすることが出来なかっただろう。,sentence
1454,テレビ,word
1455,あなたはどこでテレビを見ますか。,sentence
1456,黄,kanji
1457,どうかテレビを点けて下さい。,sentence
1458,支持,word
1459,あなたを支持します。,sentence
1460,不,word
1461,黒,kanji
1462,支援,word
1463,彼はその事件で私たちを支援してくれた。,sentence
1464,若い,word
1465,あなたはまだ若い。,sentence
1466,改,kanji
1467,改正,word
1468,憲法を改正したいと考えている人たちがいる。,sentence
1469,機,word
1470,晴,kanji
1471,革,kanji
1472,改革,word
1473,奄,kanji
1474,俺,kanji
1475,俺,word
1476,この本、トムじゃなくて俺んだ。,sentence
1477,朝,kanji
1478,攻,kanji
1479,撃,kanji
1480,攻撃,word
1481,みんなが僕の意見を攻撃した。,sentence
1482,遅,kanji
1483,遅れる,word
1484,あなたはいつも遅れる。,sentence
1485,放,kanji
1486,关,kanji
1487,送,kanji
1488,放送,word
1489,今は何を放送していますか。,sentence
1490,年,word
1491,3年前にトムに教えたんだ。,sentence
1492,歳,kanji
1493,歳,word
1494,あなたは十才ですか。,sentence
1495,答,kanji
1496,政,kanji
1497,政党,word
1498,彼らは新しい政党を作った。,sentence
1499,走る,word
1500,あなたはいつ走りますか。,sentence
1501,絵,kanji
1502,府,kanji
1503,政府,word
1504,国民は新しい政府を作った。,sentence
1505,引く,word
1506,もう後には引けない。,sentence
1507,権,kanji
1508,政権,word
1509,巳,kanji
1510,起,kanji
1511,起きる,word
1512,あなたはいつ起きますか？,sentence
1513,治,kanji
1514,政治,word
1515,注,kanji
1516,注意,word
1517,あなたはもう少し注意すべきだったのに。,sentence
1518,政治家,word
1519,トムは政治家です。,sentence
1520,終,kanji
1521,終わる,word
1522,あなたの仕事が終わった後で会いましょう。,sentence
1523,雲,kanji
1524,政界,word
1525,大きな,word
1526,この犬より大きな犬はいません。,sentence
1527,袁,kanji
1528,園,kanji
1529,政策,word
1530,ずっと,word
1531,あなたはずっと何をしていましたか。,sentence
1532,娄,kanji
1533,数,kanji
1534,授,kanji
1535,教授,word
1536,あなたは教授です。,sentence
1537,育,kanji
1538,教育,word
1539,トムはあまり教育を受けていない。,sentence
1540,起こる,word
1541,政府は教育を改革している。,sentence
1542,文化,word
1543,日本の教育制度は戦後アメリカのそれの影響を受けた。,sentence
1544,艸(⺾),kanji-variant
1545,あした何が起こるかわかったものではない。,sentence
1546,𦰩,kanji
1547,フランス文化が好きです。,sentence
1548,難,kanji
1549,難しい,word
1550,あんまり難しそうじゃないよ。,sentence
1551,新た,word
1552,新たに始める｡,sentence
1553,㝵,kanji
1554,得,kanji
1555,得る,word
1556,ありえない！,sentence
1557,遠,kanji
1558,新聞,word
1559,あなたはどの新聞をとっていますか。,sentence
1560,癶,radical
1561,発,kanji
1562,出発,word
1563,あなたの友達はいつアメリカへ出発しましたか。,sentence
1564,電,kanji
1565,方向,word
1566,あなたはどの方向へ行こうとしているのですか?,sentence
1567,犬(犭),kanji-variant
1568,苗,kanji
1569,猫,kanji
1570,猫,word
1571,あの猫、何をしているの？,sentence
1572,哥,kanji
1573,歌,kanji
1574,方法,word
1575,この方法でうまくいく。,sentence
1576,頃,kanji
1577,頃,word
1578,こどもの頃って、どこででも寝れてたよ。,sentence
1579,針,kanji
1580,方針,word
1581,店,word
1582,あの店、好きじゃないの。,sentence
1583,施設,word
1584,美,kanji
1585,美しい,word
1586,あなたたちは美しい。,sentence
1587,日米,word
1588,止める,word
1589,あなたを止める。,sentence
1590,やめる,word
1591,いつでもその仕事はやめられる。,sentence
1592,明らか,word
1593,これは誰にも明らかだろう。,sentence
1594,ボストン,word
1595,10月はボストンにいた。,sentence
1596,鳴,kanji
1597,映,kanji
1598,映画,word
1599,あなたの一番好きな映画は何ですか。,sentence
1600,从,kanji
1601,坐,kanji
1602,座,kanji
1603,座る,word
1604,「どこに座ればいいですか？」「どこでもいいですよ」,sentence
1605,泉,kanji
1606,線,kanji
1607,春,word
1608,その場所は、春が一番よい。,sentence
1609,出掛ける,word
1610,あなたが出かける前にお会いしたい。,sentence
1611,親,kanji
1612,昨年,word
1613,昨年日本の政治に大きな変化があった。,sentence
1614,次,word
1615,この次に彼がきた時に、そのことについて彼に話しましょう。,sentence
1616,豆,kanji
1617,頭,kanji
1618,時代,word
1619,あなたと私とが若かった時のような時代が今はもうない。,sentence
1620,頭,word
1621,あなたは頭がいい。,sentence
1622,翟,kanji
1623,曜,kanji
1624,期,kanji
1625,時期,word
1626,君は新しい仕事を始める時期だ。,sentence
1627,心,word
1628,同じ心をもった人は２人といない。,sentence
1629,彦,kanji
1630,顔,kanji
1631,時間,word
1632,1時間で終わらせます。,sentence
1633,忙,kanji
1634,時間までに家に着けないよ。,sentence
1635,忙しい,word
1636,あなたが忙しいってことは分かっています。,sentence
1637,景気,word
1638,市場の景気はどうですか。,sentence
1639,大,word
1640,それは大問題だ。,sentence
1641,書記,word
1642,6,sentence-component
1643,あなたは６時に起きなければなりません。,sentence
1644,最,kanji
1645,最も,word
1646,それは僕が最もやりたくないことだ。,sentence
1647,以上,word
1648,あなたのことを友達以上には考えられないの。,sentence
1649,区,kanji
1650,最初,word
1651,それが人が月を歩いた最初だった。,sentence
1652,訳,kanji
1653,訳,word
1654,あなたのためにやったわけではありません。,sentence
1655,最大,word
1656,許,kanji
1657,許,word
1658,ばかり,word
1659,ここには今着いたばかりなの？,sentence
1660,最後,word
1661,ここまでやったんだから最後までやってしまおう。,sentence
1662,こんな,word
1663,いつだってこんなようだったわけじゃない。,sentence
1664,最終,word
1665,煎,kanji
1666,煎,word
1667,ジョン,word
1668,「誰がこの本を書いたのですか」「ジョンです」,sentence
1669,最近,word
1670,あなたの最近の写真をお持ちですか。,sentence
1671,ドア,word
1672,トムはドアの所にいます。,sentence
1673,最高,word
1674,これが最高なんだ。,sentence
1675,コーヒー,word
1676,彼の作品の中でこれが最高だ。,sentence
1677,期待,word
1678,あなたにコーヒーを持ってきた。,sentence
1679,飛,kanji
1680,あなたは子供に期待をかけすぎます。,sentence
1681,飛行,word
1682,飛行時間はどのくらいですか。,sentence
1683,期間,word
1684,期間はどのくらい？,sentence
1685,子供達,word
1686,もう子供達は寝てもよい時間だ。,sentence
1687,木,word
1688,あの木はこれほど高くない。,sentence
1689,伝,kanji
1690,手伝う,word
1691,「私の仕事を手伝ってくれませんか」「いいですよ」,sentence
1692,号,kanji
1693,本社,word
1694,本社はボストンにあります。,sentence
1695,网(⺳),kanji-variant
1696,探,kanji
1697,探す,word
1698,あなたはどんな仕事を探していますか。,sentence
1699,本部,word
1700,戸(户),kanji-variant
1701,戻,kanji
1702,戻る,word
1703,あなたはいつ学校に戻ってきますか。,sentence
1704,条,kanji
1705,条件,word
1706,見付ける,word
1707,あなたは他の誰も見ていなかった場所で私を見つけた。,sentence
1708,打,kanji
1709,条約,word
1710,永,kanji
1711,泳,kanji
1712,泳ぐ,word
1713,あなたはここで泳ぐ事ができません。,sentence
1714,来年,word
1715,あなたは来年この本を読むことが出来るでしょう。,sentence
1716,一度,word
1717,あとでもう一度来ていただけませんか。,sentence
1718,由,kanji
1719,東,word
1720,東はどの方向なの？,sentence
1721,東京,word
1722,「あなたはどこに住んでるのですか」「東京です」,sentence
1723,朱,kanji
1724,株,kanji
1725,式,kanji
1726,株式,word
1727,大きい,word
1728,あなたの家は大きい。,sentence
1729,業界,word
1730,この業界ではもう年をとりすぎている。,sentence
1731,洛,kanji
1732,落,kanji
1733,落ちる,word
1734,トムは木から落ちた。,sentence
1735,業者,word
1736,弗,kanji
1737,弗,word
1738,ドル,word
1739,それを１０ドルで買った。,sentence
1740,礼,kanji
1741,冉,kanji
1742,冓,kanji
1743,構,kanji
1744,造,kanji
1745,構造,word
1746,切る,word
1747,この木は切らないで。,sentence
1748,両,kanji
1749,機構,word
1750,対する,word
1751,あなたが私にするように私もあなたに対してすることにします。,sentence
1752,機能,word
1753,その機能は働かなくなるだろう。,sentence
1754,御前,word
1755,おまえはもう子供じゃないんだ。,sentence
1756,列,kanji
1757,関,kanji
1758,機関,word
1759,考,word
1760,あなたの意見は良い考えのようだ。,sentence
1761,歴,kanji
1762,史,kanji
1763,歴史,word
1764,どの国にも歴史がある。,sentence
1765,生きる,word
1766,あなたがまだ生きていてよかったよ。,sentence
1767,守,kanji
1768,段,kanji
1769,階,kanji
1770,段階,word
1771,戦争は最終段階にはいっていった。,sentence
1772,何故,word
1773,「なぜ行かないの」「行きたくないからさ」,sentence
1774,母,word
1775,こりゃ母のものだよ。,sentence
1776,親切,word
1777,あなたと彼はとても親切ですね。,sentence
1778,毎日,word
1779,あなたは毎日ここへ来ますか。,sentence
1780,酉,kanji
1781,酷,kanji
1782,酷い,word
1783,この映画はヒドイ！,sentence
1784,民主,word
1785,願,kanji
1786,願う,word
1787,あなたがそのパーティーに来れることを願っています。,sentence
1788,曲,kanji
1789,民族,word
1790,列車,word
1791,いつもの列車に乗り遅れた。,sentence
1792,民間,word
1793,面,kanji
1794,面白い,word
1795,あなたの本を読んだことがあります。とても面白いです。,sentence
1796,気,word
1797,「いい人ね。なんだか気が合いそう」「だろうな」,sentence
1798,しか,word
1799,ここでしか食べられないものを食べたい。,sentence
1800,気持ち,word
1801,あなたの気持ちがよく分かる。,sentence
1802,続,kanji
1803,続ける,word
1804,あなたの仕事を続けなさい。,sentence
1805,水,word
1806,私がいない間も作業を続けなさい。,sentence
1807,泣,kanji
1808,「水を少しください」「いいですよ」,sentence
1809,泣く,word
1810,いい子だから泣かないで。,sentence
1811,血,kanji
1812,決定,word
1813,何をすべきか、誰も決定できなかった。,sentence
1814,束,kanji
1815,彼は新しい政策を決定していた。,sentence
1816,約束,word
1817,あなたは夏までに帰ると約束したじゃない。,sentence
1818,決議,word
1819,私は委員会の決議を支持した。,sentence
1820,ながら,word
1821,コーヒーを飲みながらそれについて話しましょうか。,sentence
1822,活動,word
1823,私が大学にいたとき政治の活動をしていた。,sentence
1824,失,kanji
1825,敗,kanji
1826,失敗,word
1827,あなたが援助しなかったとしたら彼は失敗するだろう。,sentence
1828,𠂢,kanji
1829,交渉は失敗に終わった。,sentence
1830,派,kanji
1831,派遣,word
1832,送る,word
1833,あなたに私の家族の写真を送るつもりだ。,sentence
1834,海外,word
1835,よく海外に行くよ。,sentence
1836,朝,word
1837,あすの朝出発しよう。,sentence
1838,坂,kanji
1839,父,word
1840,「彼の父が昨日死にました」「そんな人は見たことがありません」,sentence
1841,着る,word
1842,これは父の働いてる施設だ。,sentence
1843,特,kanji
1844,これ着てみて。,sentence
1845,特に,word
1846,「何かやることがあるの？」「特にない」,sentence
1847,飛行機,word
1848,あなたの飛行機は何時に出発しますか。,sentence
1849,別,kanji
1850,特別,word
1851,この仕事は特別な技術を必要とする。,sentence
1852,享,kanji
1853,孰,kanji
1854,孰,word-component
1855,何方,word
1856,どちら,word
1857,あなたか私のどちらかがそうしないといけない。,sentence
1858,状,kanji
1859,状態,word
1860,その家はあまりいい状態ではない。,sentence
1861,時計,word
1862,あたしはその店で時計を買うつもりです。,sentence
1863,状況,word
1864,このような状況の中で、医者はどうすべきなのでしょうか。,sentence
1865,疲,kanji
1866,疲れる,word
1867,「私は疲れていない」「私もそうです」,sentence
1868,現,kanji
1869,在,kanji
1870,現在,word
1871,トムは現在、子供が３人いる。,sentence
1872,4,sentence-component
1873,現在多くの人がこの分野で働いている。,sentence
1874,究,kanji
1875,うちは4人家族です。,sentence
1876,現地,word
1877,３と４と５の平均は４です。,sentence
1878,力,word
1879,現地時間で１０時だ。,sentence
1880,現場,word
1881,いつでも力になります。,sentence
1882,飛ぶ,word
1883,これは個人の力で出来るものではない。,sentence
1884,現実,word
1885,その国は国際問題には力がある。,sentence
1886,杯,kanji
1887,情勢は政府の力ではどうにもならなくなった。,sentence
1888,杯,word
1889,私は現場に行ってみた。,sentence
1890,一杯,word
1891,いい方向に飛んだね。,sentence
1892,返,kanji
1893,これは現実です。,sentence
1894,理事,word
1895,お水を１杯もらえますか。,sentence
1896,タバコ,word
1897,あなたは本をいっぱい持ってますね。,sentence
1898,理由,word
1899,今月いっぱいここにいます。,sentence
1900,与える,word
1901,あなたはいつタバコを止めるつもりですか。,sentence
1902,吏,kanji
1903,あなたがトムを好きじゃない理由、わかるわ。,sentence
1904,使,kanji
1905,それを彼に与えなさい。,sentence
1906,睘,kanji
1907,環,kanji
1908,竟,kanji
1909,境,kanji
1910,環境,word
1911,環境は保護されるべきものである。,sentence
1912,雪,word
1913,あなたはこの市に来る前に雪を見たことがありましたか。,sentence
1914,生活,word
1915,いつから雪が降っているのですか。,sentence
1916,一生,word
1917,この生活に疲れた。,sentence
1918,産,kanji
1919,あなたのご親切は一生忘れません。,sentence
1920,生産,word
1921,生産が落ち始めている。,sentence
1922,テニス,word
1923,あなたはどこでテニスをしますか。,sentence
1924,産業,word
1925,テニスにもあるけど、４大大会って何？,sentence
1926,上がる,word
1927,政府は産業にもっと多くの金を投資すべきだ。,sentence
1928,男,word
1929,あなたにはとても頭が上がりません。,sentence
1930,決して,word
1931,あとでわかったことだが、彼は親切な男だった。,sentence
1932,命,kanji
1933,あすは決してこない。,sentence
1934,男子,word
1935,この学校は男子よりも女子が多い。,sentence
1936,怒,kanji
1937,怒る,word
1938,あなたが怒ることは何もない。,sentence
1939,男性,word
1940,あなたが見たのはこの男性ですか？,sentence
1941,上手,word
1942,この会社では女性は男性と同じ条件で働いている。,sentence
1943,番組,word
1944,あなたのように上手になりたいです。,sentence
1945,句,kanji
1946,あなたの好きなテレビ番組は何ですか。,sentence
1947,苟,kanji
1948,敬,kanji
1949,驚,kanji
1950,驚く,word
1951,あなたを、驚かせたくはなかったのです。,sentence
1952,疑い,word
1953,そのことについてはまったく疑いがない。,sentence
1954,女の子,word
1955,あなたが女の子だからよ。,sentence
1956,丙,kanji
1957,病,kanji
1958,完,kanji
1959,院,kanji
1960,病院,word
1961,ここは病院だ。,sentence
1962,寒,kanji
1963,寒い,word
1964,ここはいつも寒いわけじゃないよ。,sentence
1965,発言,word
1966,その発言は君に対するものではない。,sentence
1967,夭,kanji
1968,笑,kanji
1969,笑う,word
1970,あなたの新しい友達は、あなたのすることを見て笑うことがあるかもしれません。,sentence
1971,厈,kanji
1972,岸,kanji
1973,100,word-component
1974,百,word
1975,払,kanji
1976,払う,word
1977,あなたが払うつもり？,sentence
1978,監,kanji
1979,尗,kanji
1980,叔,kanji
1981,督,kanji
1982,監督,word
1983,監督をしてました。,sentence
1984,何れ,word
1985,どれ,word
1986,「トムはもうすぐここに来ます」「どれくらいすぐですか」,sentence
1987,標,kanji
1988,目標,word
1989,それが私の目標なんだ。,sentence
1990,系,kanji
1991,縣,kanji
1992,懸,kanji
1993,懸命,word
1994,彼の懸命の努力は失敗に終わった。,sentence
1995,目的,word
1996,この国に来た目的は？,sentence
1997,天気,word
1998,いいお天気ですね。,sentence
1999,相手,word
2000,あなたが話したかった相手は誰？,sentence
2001,配,kanji
2002,心配,word
2003,あなたが何かを心配しているように見えました。,sentence
2004,服,kanji
2005,知事,word
2006,回,word
2007,それはとても良い本だったので、私は３回読みました。,sentence
2008,板,kanji
2009,研,kanji
2010,研究,word
2011,あなたは歴史のどの時代を研究していますか。,sentence
2012,愛,kanji
2013,愛する,word
2014,「愛してるよ」「私もよ」,sentence
2015,油,kanji
2016,社会,word
2017,それは社会のためになるだろう。,sentence
2018,開,kanji
2019,開ける,word
2020,このドアを開けないで下さい。,sentence
2021,波,kanji
2022,社長,word
2023,この会社の社長は誰ですか。,sentence
2024,生まれる,word
2025,私は彼に社長との会見を忘れないようにと注意した。,sentence
2026,窓,kanji
2027,あなたが生まれたのは何年ですか？,sentence
2028,窓,word
2029,あなたはその窓を開けてもよい。,sentence
2030,秋,word
2031,今年は寒い秋です。,sentence
2032,助ける,word
2033,あなたが助けてくれなかったら、私はそれをすることができなかったろうに。,sentence
2034,呈,kanji
2035,程,kanji
2036,程度,word
2037,この程度のお金じゃ長くは持たないだろう。,sentence
2038,亟,kanji
2039,極,kanji
2040,積極,word
2041,積極的,word
2042,あの学生はとても積極的だ。,sentence
2043,幾ら,word
2044,あなたのためにいくらか手に入れてあげましょうか。,sentence
2045,巷,kanji
2046,港,kanji
2047,空港,word
2048,いつ空港に着くか教えて下さい。,sentence
2049,韋,radical
2050,違,kanji
2051,違う,word
2052,あなたの意見は彼とはどうちがうのですか。,sentence
2053,苦,kanji
2054,立場,word
2055,あなたが私の立場にいたら、何をしますか。,sentence
2056,強い,word
2057,あの女性たちは、気が強い。,sentence
2058,肉(⺼),kanji-variant
2059,肋,kanji
2060,筋,kanji
2061,筋,word
2062,有り難う,word
2063,「コーヒーを持ってきてあげるよ」「どうもありがとう」,sentence
2064,官,kanji
2065,何れにせよありがとう。,sentence
2066,管,kanji
2067,管理,word
2068,あなたはお金の管理にはもっと気をつけるべきです。,sentence
2069,週間,word
2070,あと１週間でこの仕事は終わります。,sentence
2071,係,kanji
2072,戠,kanji
2073,織,kanji
2074,組織,word
2075,この組織は戦後生まれた。,sentence
2076,佰,kanji
2077,宿,kanji
2078,宿題,word
2079,あなたに宿題を手伝ってもらいたかった。,sentence
2080,圣,kanji
2081,経,kanji
2082,営,kanji
2083,経営,word
2084,その会社は外国人が経営している。,sentence
2085,館,kanji
2086,館,word
2087,斉,kanji
2088,済,kanji
2089,経済,word
2090,この国の経済状態は悪い。,sentence
2091,眠,kanji
2092,アメリカ経済は世界最大です。,sentence
2093,眠る,word
2094,日本経済は不況である。,sentence
2095,屋,kanji
2096,あなたは少しも眠れないことがある。,sentence
2097,吉,kanji
2098,結,kanji
2099,結果,word
2100,いい結果、期待してるからな。,sentence
2101,決める,word
2102,あなたが決めて。,sentence
2103,統一,word
2104,彼が新しい方針を決める。,sentence
2105,電車,word
2106,あなたの家からここまで来るのに電車でどのくらいかかりますか。,sentence
2107,維,kanji
2108,維持,word
2109,こんな大きな家を維持するのは金がかかる。,sentence
2110,大好き,word
2111,あなたのことが大好きです。,sentence
2112,急,kanji
2113,忩,kanji
2114,総,kanji
2115,総会,word
2116,覚,kanji
2117,覚える,word
2118,あなたを覚えています、３年前にお会いしました。,sentence
2119,拾,kanji
2120,総合,word
2121,絵,word
2122,あなたのために絵を書いた。,sentence
2123,𢦏,kanji
2124,裁,kanji
2125,総裁,word
2126,斿,kanji
2127,遊,kanji
2128,遊ぶ,word
2129,あなたの来たいときはいつでも私の所へ遊びに来なさい。,sentence
2130,考え,word
2131,壴,kanji
2132,喜,kanji
2133,嬉,kanji
2134,嬉しい,word
2135,あなたがそうしてくれると私は嬉しい。,sentence
2136,召,kanji
2137,外国へ派遣されると考えただけで彼らはうれしくなった。,sentence
2138,昭,kanji
2139,職,kanji
2140,職員,word
2141,あなたにはこの工場の女子職員の管理をしていただくことになるでしょう。,sentence
2142,日曜,word
2143,日曜なので仕事が無い。,sentence
2144,柱,kanji
2145,背,kanji
2146,背景,word
2147,写真の背景にいる男は誰ですか。,sentence
2148,勝つ,word
2149,あなたが勝った。,sentence
2150,洋,kanji
2151,自ら,word
2152,彼は自らそこへ出かけた。,sentence
2153,貸,kanji
2154,貸す,word
2155,あなたが私にお金を貸してくれるとは親切だ。,sentence
2156,灰,kanji
2157,炭,kanji
2158,自分,word
2159,あなたが自分でそれをやりなさい。,sentence
2160,終える,word
2161,あなたがその仕事を終えるまで待ちます。,sentence
2162,自動車,word
2163,あの自動車は彼のものです。,sentence
2164,知らせ,word
2165,あなたによい知らせがあります。,sentence
2166,畑,kanji
2167,自宅,word
2168,トムは自宅で教育された。,sentence
2169,急ぐ,word
2170,「急いでるの？」「そうでもない」,sentence
2171,然,kanji
2172,自然,word
2173,人間は自然の一部である。,sentence
2174,正しい,word
2175,あなたか私か、どちらかが正しい。,sentence
2176,自由,word
2177,あなたはもう仕事を終えたのだから家に帰るのは自由だ。,sentence
2178,立てる,word
2179,その時、立てなかった。,sentence
2180,県,kanji
2181,衛,kanji
2182,自衛,word
2183,隊,kanji
2184,隊,word
2185,自衛隊,word
2186,見せる,word
2187,あなたが昨日買ったものを見せてくれませんか。,sentence
2188,自身,word
2189,あなたたち自身でそれをやりましたか。,sentence
2190,深,kanji
2191,深い,word
2192,あなたは注意深くする必要がありますよ。,sentence
2193,神,kanji
2194,舞台,word
2195,僕は舞台の上であがった。,sentence
2196,幸せ,word
2197,あなたにとって幸せって何？,sentence
2198,秒,kanji
2199,花,word
2200,あなたが好きな春の花はなに？,sentence
2201,筈,kanji
2202,筈,word
2203,お前は、そんなことしないはずだ。,sentence
2204,及,kanji
2205,級,kanji
2206,行う,word
2207,あなた自身が行った方がいいよ。,sentence
2208,痛,kanji
2209,最近はたくさんの建設が行われている。,sentence
2210,痛い,word
2211,あの子には頭が痛い。,sentence
2212,行動,word
2213,もっと早く行動しなさい。,sentence
2214,点,word
2215,いい点を取ろうと彼は私より努力した。,sentence
2216,負,kanji
2217,行政,word
2218,守る,word
2219,あなたは、自分の家族を守らなければならない。,sentence
2220,𠂤,kanji
2221,追,kanji
2222,被,kanji
2223,被告,word
2224,初めて,word
2225,ここで初めて食べるよ。,sentence
2226,裁判,word
2227,裁判はお金がかかる。,sentence
2228,食事,word
2229,あなたは食事を作ることが出来ますか。,sentence
2230,要求,word
2231,その要求に対して怒った。,sentence
2232,尽,kanji
2233,侭,kanji
2234,侭,word
2235,この家はこのままにしておきたい。,sentence
2236,見方,word
2237,僕はあなたの見方です。,sentence
2238,駄,kanji
2239,駄目,word
2240,「今出かけてはいけない」「どうしてだめなの」,sentence
2241,倍,kanji
2242,見通し,word
2243,来年の日本経済の見通しはどうでしょうか。,sentence
2244,奇,kanji
2245,鹿,kanji
2246,麗,kanji
2247,奇麗,word
2248,「雪、きれいだね」「そうだね。でもメアリーの方がもっときれいだよ」,sentence
2249,勉,kanji
2250,規,kanji
2251,規制,word
2252,食事は規制正しくとりなさい。,sentence
2253,少女,word
2254,あのきれいな少女は誰ですか。,sentence
2255,旲,kanji
2256,莫,kanji
2257,模,kanji
2258,規模,word
2259,どれくらいの規模の会社なの？,sentence
2260,求める,word
2261,あなたがたは何を求めているのですか。,sentence
2262,呂,kanji
2263,その国は国連に援助を求めた。,sentence
2264,宮,kanji
2265,解,kanji
2266,解決,word
2267,あとは時が解決するでしょう。,sentence
2268,風,word
2269,その団体は社会問題を解決しようとした。,sentence
2270,島,kanji
2271,国際問題は戦争ではなく外交で解決されなければならない。,sentence
2272,言う,word
2273,これはどんな風に終わるか見たい。,sentence
2274,古い,word
2275,「ありがとう」ぐらい言ってもよさそうなのに。,sentence
2276,庫,kanji
2277,予定通りに、その業者は、時間がもう少し欲しい、と言ってきた。,sentence
2278,言わば,word
2279,彼の言ったことにはあまり内容がなかった。,sentence
2280,あの,word
2281,この本とあの本ではどちらが古いですか。,sentence
2282,枼,kanji
2283,それはいわば仕事の一部だった。,sentence
2284,葉,kanji
2285,あなたはあの木を見ます。,sentence
2286,言葉,word
2287,あなたに愛してると言われたとき言葉が出なかった。,sentence
2288,開く,word
2289,こころを開いて。,sentence
2290,息,kanji
2291,計画,word
2292,あなたが彼に計画について話さなければよかったのに。,sentence
2293,似,kanji
2294,その計画は住民の反対にあった。,sentence
2295,似る,word
2296,その計画は実施された。,sentence
2297,旅,kanji
2298,住宅計画はダメになった。,sentence
2299,記事,word
2300,あなたの問題は私の問題と似ています。,sentence
2301,転,kanji
2302,あなたはこの記事を読みましたか。,sentence
2303,自転車,word
2304,5歳の時に自転車に乗れてた？,sentence
2305,根,kanji
2306,記者,word
2307,なぜなら新聞記者だったからです。,sentence
2308,一生懸命,word
2309,あなたはそんなに一生懸命に働く必要はない。,sentence
2310,水(⺢),kanji-variant
2311,録,kanji
2312,記録,word
2313,彼の記録は５人の中で一番悪かった。,sentence
2314,7,sentence-component
2315,7時に帰るよ。,sentence
2316,消,kanji
2317,訪,kanji
2318,訪問,word
2319,あなたが寝ている間に訪問された女性がいました。,sentence
2320,下,word
2321,その事件が戦争の起こるもととなった。,sentence
2322,証,kanji
2323,券,kanji
2324,証券,word
2325,聞こえる,word
2326,「助けて」という声が聞えるのです。私は笑っていました。,sentence
2327,試,kanji
2328,試合,word
2329,この試合が彼にとっては、最初の大きな試合になる。,sentence
2330,速,kanji
2331,速い,word
2332,あなたはなんと速く歩くのでしょう。,sentence
2333,荷,kanji
2334,話,word
2335,2分でいいので話聞いてもらえませんか？,sentence
2336,幾,word
2337,課,kanji
2338,課題,word
2339,彼はきのう私が課題にした医者です。,sentence
2340,間違い,word
2341,あなたは大きな間違いをしないようもっと気をつけなければならない。,sentence
2342,調,kanji
2343,調,word
2344,調べ,word
2345,すむ,word-reading
2346,あなたはタバコをすいますか？,sentence
2347,敕,kanji
2348,整,kanji
2349,調整,word
2350,そのように時間を調整してあるのですから。,sentence
2351,素,kanji
2352,素晴らしい,word
2353,あなたの家は素晴らしい。,sentence
2354,酒,kanji
2355,調査,word
2356,あなたは家を買う時は調査しなければならない。,sentence
2357,凄,kanji
2358,凄い,word
2359,あの子はすごく忙しいはずだよ。,sentence
2360,警,kanji
2361,察,kanji
2362,警察,word
2363,その店は警察の監督のもとにある。,sentence
2364,実,word
2365,警察は事件の捜査をした。,sentence
2366,議会,word
2367,あの映画は実におもしろかった。,sentence
2368,過ごす,word
2369,あなたがたはパーティーで楽しく過ごしましたか。,sentence
2370,議員,word
2371,市の議員だったらよくやっていることだよ。,sentence
2372,近く,word
2373,あなたの自転車は駅の近くのどこかにありますよ。,sentence
2374,議長,word
2375,私たちは彼を議長にしました。,sentence
2376,ホテル,word
2377,このホテルであなたに会うとはおどろいた。,sentence
2378,財,kanji
2379,財政,word
2380,私達は財政上の援助を止めることに決めた。,sentence
2381,辛,kanji
2382,辞,kanji
2383,辞書,word
2384,あなたの辞書を私に貸してくれませんか。,sentence
2385,帳,kanji
2386,販,kanji
2387,販売,word
2388,船,word
2389,いつ船が出ることになってるの？,sentence
2390,壬,kanji
2391,任,kanji
2392,責任,word
2393,あなたはそのことに対して責任がある。,sentence
2394,或る,word
2395,あなたのいうことはある意味で正しい。,sentence
2396,貿,kanji
2397,易,kanji
2398,貿易,word
2399,僕の父は海外貿易の仕事をしている。,sentence
2400,学ぶ,word
2401,これについてもっと多くのことを学びたいんだ。,sentence
2402,資金,word
2403,彼は指導されなくても学ぶことができた。,sentence
2404,さえ,word
2405,その計画には沢山の資金が必要だ。,sentence
2406,斦,kanji
2407,あなたはここで待ってさえいればいいのです。,sentence
2408,質,kanji
2409,質問,word
2410,あなたに質問してもいい。,sentence
2411,クラス,word
2412,このクラスには女の子は3人しかいません。,sentence
2413,足,word
2414,いい足持ってるんだな。,sentence
2415,服,word
2416,あなたの好きなどんな服でも買ってあげよう。,sentence
2417,章,kanji
2418,車,word
2419,3台の車を持っているんだよね？,sentence
2420,幾つ,word
2421,トムは車を販売していたことがある。,sentence
2422,笛,kanji
2423,あなたにいくつか質問させてください。,sentence
2424,軍,kanji
2425,その国にはいくつかの民族がある。,sentence
2426,軍事,word
2427,気分,word
2428,あなた、気分が悪いんですか。,sentence
2429,第,kanji
2430,刖,kanji
2431,輸,kanji
2432,輸入,word
2433,起こす,word
2434,7時に起こしてくれない？,sentence
2435,輸出,word
2436,日本は多くの自動車を外国へ輸出している。,sentence
2437,円,word
2438,円はドルに対して高くなった。,sentence
2439,習,kanji
2440,辰,kanji
2441,農,kanji
2442,農業,word
2443,彼は農業の研究をしている。,sentence
2444,30,sentence-component
2445,2時30分に帰ってきます。,sentence
2446,通信,word
2447,父さん,word
2448,このことは御父さんには言わないで。,sentence
2449,連合,word
2450,これら三つの国が連合して一つの国になった。,sentence
2451,此方,word
2452,いつこちらへ着きましたか。,sentence
2453,連続,word
2454,らしい,word
2455,あなたのもっと人間らしく生きてほしい。,sentence
2456,都,kanji
2457,邦,kanji
2458,連邦,word
2459,唯,kanji
2460,唯,word
2461,ありがとう、ただ見ているだけです。,sentence
2462,運,kanji
2463,運動,word
2464,もっと運動したの方がいいね。,sentence
2465,背,word
2466,あなたはどれくらいの背の高さですか。,sentence
2467,過去,word
2468,あなたの過去は気にしません。,sentence
2469,間違う,word
2470,「これが間違ってる」「そんなことないよ」,sentence
2471,非,kanji
2472,悲,kanji
2473,道,word
2474,この道でいいの？,sentence
2475,感,kanji
2476,感じる,word
2477,あなたはこれを感じられますか?,sentence
2478,暑,kanji
2479,違反,word
2480,彼がした事が違反でなくて何だろう。,sentence
2481,少ない,word
2482,この国の人口はアメリカの人口より少ない。,sentence
2483,巽,kanji
2484,選,kanji
2485,選手,word
2486,その選手はこの大会で三回連続優勝した。,sentence
2487,など,word
2488,トムのことなど気にするな。,sentence
2489,植,kanji
2490,挙,kanji
2491,選挙,word
2492,あなたは選挙で誰に投票しましたか。,sentence
2493,歌う,word
2494,会長選挙でだれに投票しますか。,sentence
2495,歯,kanji
2496,最近新聞を読んでいないので、今年の選挙で誰が候補なのかも分からない。,sentence
2497,部分,word
2498,あなたに歌ってほしい。,sentence
2499,日本語,word
2500,全体は部分からなっている。,sentence
2501,昷,kanji
2502,あなたが次のものを読めたら、日本語でも通信できますよね。,sentence
2503,温,kanji
2504,部長,word
2505,彼が私のところの部長です。,sentence
2506,牙,kanji
2507,邪,kanji
2508,風邪,word
2509,「悪い風邪を引きました」「それはいけませんね」,sentence
2510,部門,word
2511,あなたはどの部門にいますか？,sentence
2512,答える,word
2513,あなたはこの質問に答える必要はありません。,sentence
2514,胡,kanji
2515,湖,kanji
2516,都内,word
2517,ぞ,word
2518,あの男には気を付けるんだぞ。,sentence
2519,湯,kanji
2520,都市,word
2521,あなたは都市に住んでいますか。,sentence
2522,母さん,word
2523,僕の母さん、フランス語は話さないよ。,sentence
2524,登,kanji
2525,重要,word
2526,あなたが何をしたかは、あなたが何を言ったかより重要である。,sentence
2527,興,kanji
2528,興味,word
2529,あなたの興味を引くような本を読みなさい。,sentence
2530,野党,word
2531,魚,word
2532,この手の魚は見たことがなかった。,sentence
2533,短,kanji
2534,野球,word
2535,あなたはどの程度野球に興味があるのですか。,sentence
2536,小さな,word
2537,あなたはあの小さな家が見えますか。,sentence
2538,童,kanji
2539,利,kanji
2540,金利,word
2541,喜ぶ,word
2542,「手伝ってくださいませんか」「喜んで」,sentence
2543,筆,kanji
2544,鬲,radical
2545,融,kanji
2546,金融,word
2547,国際金融で仕事を続けるつもりです。,sentence
2548,匆,kanji
2549,怱,kanji
2550,葱,kanji
2551,葱,word
2552,き,word
2553,一杯やりたいきがする。,sentence
2554,し,word
2555,あなたしか僕を助けられる人はいないんだ。,sentence
2556,銀,kanji
2557,銀,word
2558,ギンは僕の友達じゃない。,sentence
2559,靴,kanji
2560,靴,word
2561,「これって誰の靴？」「トムの靴だよ」,sentence
2562,銀行,word
2563,そのホテルの前に銀行がある。,sentence
2564,長男,word
2565,ご長男はおいくつですか？,sentence
2566,日,word
2567,1日か2日かかります。,sentence
2568,日曜日,word
2569,あなたは、日曜日に何をしますか。,sentence
2570,軽,kanji
2571,開発,word
2572,打つ,word
2573,すぐにこの問題に手を打たなければならない。,sentence
2574,関係,word
2575,「あの方とあなたのご関係はどうなのですか」「私は彼の父です」,sentence
2576,丁度,word
2577,この靴は私にはちょうどいい。,sentence
2578,関心,word
2579,あなたは何に関心が有るのですか。,sentence
2580,可成,word
2581,「トムのフランス語ってどうなの？」「かなり上手いよ」,sentence
2582,関連,word
2583,これに関連して何か言いたい事はありますか。,sentence
2584,生,word
2585,その魚は生で食べちゃ駄目だったんだよ。,sentence
2586,陽,kanji
2587,僚,kanji
2588,閣僚,word
2589,性,word
2590,そんなことが気になってしまうのが人の性ですね・・・。,sentence
2591,防,kanji
2592,防衛,word
2593,思う,word
2594,「あの本がほしい」と彼は心の中で思いました。,sentence
2595,出す,word
2596,彼はその家を買おうと思って、調べにきた。,sentence
2597,思い出す,word
2598,現在の内閣をどう思いますか。,sentence
2599,集,kanji
2600,いつ食事を出したらよいか教えて下さい。,sentence
2601,厷,kanji
2602,あなたは思い出さない。私は決して忘れない。,sentence
2603,雄,kanji
2604,雄,word
2605,頼,kanji
2606,頼む,word
2607,あの人に頼む気はないよ。,sentence
2608,電話,word
2609,「誰か警察に電話したの？」「私がしました」,sentence
2610,夕食,word
2611,「あなたはいつテレビを見ますか」「夕食後です」,sentence
2612,想,kanji
2613,音楽,word
2614,あなたが聞いていた音楽は何だったのですか。,sentence
2615,彼れ,word
2616,あなたはこれとあれとどちらが好きですか。,sentence
2617,領土,word
2618,筋はあれだけど、面白い本だったよ。,sentence
2619,虍,radical
2620,虚,kanji
2621,嘘,kanji
2622,嘘,word
2623,「外国では魚を生で食べない」というのは嘘だ。,sentence
2624,顔,word
2625,あなたの顔を忘れるといけないので写真を下さい。,sentence
2626,𣴎,kanji
2627,様,kanji
2628,様,word
2629,お二人さま、ありがとう。,sentence
2630,暗,kanji
2631,首相,word
2632,首相は明日、記者会見を開きます。,sentence
2633,遅い,word
2634,「速い」は「遅い」の反対。,sentence
2635,凶,kanji
2636,脳,kanji
2637,首脳,word
2638,薬,kanji
2639,薬,word
2640,あなたはこの薬をのめば、良くなるだろう。,sentence
2641,漢,kanji
2642,このお薬は効果があったの？,sentence
2643,高校,word
2644,その薬を作っているのは日本の企業である。,sentence
2645,失う,word
2646,ありがとう。高校時代はよくテニスをしたものです。,sentence
2647,福,kanji
2648,そのために仕事を失うことになるかもしれない。,sentence
2649,一人,word
2650,1人でいるの？,sentence
2651,昨夜,word
2652,あなたは昨夜よく眠れましたか。,sentence
2653,詩,kanji
2654,一昨,word
2655,「いつ戻ったの？」「一昨日だよ」,sentence
2656,一昨年,word
2657,元気,word
2658,「トム、なんか元気なくない？」「そうかな？」「どうかしたの？」「どうもしてないよ」,sentence
2659,足(𧾷),kanji-variant
2660,路,kanji
2661,緒,kanji
2662,一緒,word
2663,「私達と一緒に来なさい」と彼は言った。,sentence
2664,升,kanji
2665,昇,kanji
2666,上昇,word
2667,関する,word
2668,このことに関してまた君に電話するよ。,sentence
2669,鉄,kanji
2670,不動産,word
2671,楽しむ,word
2672,じゃーな、楽しめよ。,sentence
2673,不安,word
2674,あの人達には何の心配事も不安もない。,sentence
2675,時々,word
2676,「時々」って何？,sentence
2677,緑,kanji
2678,不明,word
2679,それって、意味不明なんだけど。,sentence
2680,お父さん,word
2681,あなたのお父さんだけでなく私もあなたの計画に反対です。,sentence
2682,練,kanji
2683,満,kanji
2684,不満,word
2685,あなたに不満があります。,sentence
2686,たり,word
2687,そうですね、テレビを見たりしますね。,sentence
2688,不足,word
2689,この地域では水が不足している。,sentence
2690,困,kanji
2691,困る,word
2692,あなた、困ったことになっているんでしょう？,sentence
2693,世代,word
2694,あの人たちは同じ世代です。,sentence
2695,とも,word
2696,あなたがどこへ行こうとも、わたしはついていきます。,sentence
2697,丌,kanji
2698,畀,kanji
2699,鼻,kanji
2700,輿,kanji
2701,侖,kanji
2702,論,kanji
2703,輿論,word
2704,一般の世論は戦争に反対である。,sentence
2705,世論,word
2706,妹,word
2707,あなたの妹さんに会いたいものです。,sentence
2708,横,kanji
2709,中間,word
2710,向かう,word
2711,あなたは何処へ向かっているのですか。,sentence
2712,箱,kanji
2713,この飛行機は南へ向かって飛んでいる。,sentence
2714,崔,kanji
2715,バスは北へ向かっていた。,sentence
2716,催,kanji
2717,主催,word
2718,到,kanji
2719,到着,word
2720,あなたが到着したとき、彼はまだここにいましたか。,sentence
2721,婦,kanji
2722,外相はもう到着されましたか？,sentence
2723,主婦,word
2724,主婦は家庭の仕事がたくさんある。,sentence
2725,散,kanji
2726,散歩,word
2727,「散歩しませんか」「いいですね、よろこんで」,sentence
2728,張,kanji
2729,主張,word
2730,その女性たちは自分たちの主張を守り続けた。,sentence
2731,金持ち,word
2732,あなたはとても金持ちですね。,sentence
2733,主義,word
2734,いつ民主主義は生まれましたか。,sentence
2735,兼,kanji
2736,嫌,kanji
2737,嫌い,word
2738,あなたとトムのことが嫌いではありません。,sentence
2739,呑,kanji
2740,冋,kanji
2741,喬,kanji
2742,橋,kanji
2743,主要,word
2744,上る,word
2745,あなたは、上れませんよ。,sentence
2746,予想,word
2747,あなたはどんな結果を予想していますか。,sentence
2748,豪,kanji
2749,豪太,word-component
2750,剌,kanji
2751,剌利,word-component
2752,屈,kanji
2753,堀,kanji
2754,堀,word
2755,太い,word
2756,私の妹は足が太いのをひどく気にしている。,sentence
2757,オーストラリア,word
2758,あなたがオーストラリアに行ったとトムはメアリーにそう言った。,sentence
2759,予選,word
2760,返す,word
2761,あの人にお金を貸したんだけど、まだ返してもらってない。,sentence
2762,二つ,word
2763,兄,word
2764,ある日、私は兄と走っていた。,sentence
2765,奐,kanji
2766,換,kanji
2767,交換,word
2768,どれとどれを交換する？,sentence
2769,鳥,word
2770,あの飛んでいる鳥を見て。,sentence
2771,交通,word
2772,交通に注意しなければいけない。,sentence
2773,彼奴,word
2774,交通は都市の主要な問題である。,sentence
2775,人事,word
2776,あいつ、いつも同じ間違いしちゃうんだ。,sentence
2777,箱,word
2778,あなたはどちらの箱が好きですか。,sentence
2779,人権,word
2780,8,sentence-component
2781,8月8日は国際ネコの日です。,sentence
2782,人民,word
2783,人民による人民の為の政治が良いと思う。,sentence
2784,お母さん,word
2785,あなたが家に帰って来た時、お母さんは何をしていましたか。,sentence
2786,人物,word
2787,あの人はどんな人物か教えて下さい？,sentence
2788,正直,word
2789,あなたが正直だと思う人の言う事を聞きなさい。,sentence
2790,人生,word
2791,あなたが自分の人生を考えることは必要だ。,sentence
2792,役,word
2793,あなたに役に立つような本を読みなさい。,sentence
2794,今度,word
2795,こんどは私がそれをやってみよう。,sentence
2796,暑い,word
2797,今度の選挙では与党が勝ちそうだね。,sentence
2798,功,kanji
2799,あまり暑いので働けない。,sentence
2800,今日,word
2801,「今日のこと、トムには話さない方がいいんじゃないかな」「私もそう思う」,sentence
2802,共,word
2803,今日のパーティーは誰が主催なの？,sentence
2804,以内,word
2805,あなたがたは二人ともとても親切です。,sentence
2806,書,word
2807,3時間以内に飛行機に乗らなきゃ。,sentence
2808,包,kanji
2809,仲,kanji
2810,仲間,word
2811,ここへきて仲間に入りなさい。,sentence
2812,気付く,word
2813,あなたがそんなに気分が悪いなんて気づかなかった。,sentence
2814,企画,word
2815,この企画に関するあなたの意見を言って下さい。,sentence
2816,ビル,word
2817,あのビルには誰も住んでいないよ。,sentence
2818,司,kanji
2819,会合,word
2820,その会合には参加しない方が良い。,sentence
2821,空,word
2822,この箱は空だ。中には何も入っていない。,sentence
2823,会場,word
2824,一番好きな音楽会場ってどこ？,sentence
2825,小さい,word
2826,あなたには小さすぎると思うよ。,sentence
2827,伝統,word
2828,これは家族の伝統です。,sentence
2829,互,kanji
2830,互い,word
2831,お互いが興味を持てる物を見つければ、旨くやっていけるよ。,sentence
2832,体,word
2833,「タバコぐらい体に悪いものはない」と医者は言った。,sentence
2834,始まる,word
2835,5年後に戦争が始まった。,sentence
2836,末,kanji
2837,験,kanji
2838,体験,word
2839,あなたの体験を教えて。,sentence
2840,易い,word
2841,あなたは風邪にかかりやすいですか。,sentence
2842,札,kanji
2843,作家,word
2844,メアリーは私の好きな作家の一人だ,sentence
2845,今朝,word
2846,あなたはどうして今朝ここにきたのか。,sentence
2847,作戦,word
2848,誰もその作戦に失敗しなかった。,sentence
2849,限,kanji
2850,限り,word
2851,あなたは可能な限り早く、あなたのお母さんに電話をするべきである。,sentence
2852,使う,word
2853,あなたの車を使わせていただけますか。,sentence
2854,テーブル,word
2855,「彼の本はどこですか」「それはテーブルの上です」,sentence
2856,使用,word
2857,この車は過去１０年間使用されてきた。,sentence
2858,禸,kanji
2859,离,kanji
2860,禽,kanji
2861,檎,kanji
2862,林檎,word
2863,あなたはいくつかのリンゴを持っていますか。,sentence
2864,例,kanji
2865,例,word
2866,そのことについてもう少し例をあげてくれませんか。,sentence
2867,弟,word
2868,「私の意見では」弟が言った。「あなたは間違っている」,sentence
2869,兆,kanji
2870,例えば,word
2871,例えばあなたのような若い人たちがこの仕事には必要だ。,sentence
2872,追う,word
2873,あなたって、いつも仕事に追われてるのね。,sentence
2874,保守,word
2875,チーム,word
2876,あなたのチームはとてもよいが、彼等のチームが一番良い。,sentence
2877,印,kanji
2878,険,kanji
2879,保険,word
2880,ここでは、すべてに保険がかかっています。,sentence
2881,他人,word
2882,あなたが、他人にしてもらいたいと思うように他人にもしない。,sentence
2883,攸,kanji
2884,修,kanji
2885,修正,word
2886,トムがすぐに修正します。,sentence
2887,がる,word
2888,お母さんがとても痛がっているのが分かった。,sentence
2889,亭,kanji
2890,停,kanji
2891,停止,word
2892, ,sentence-component
2893,「なんで怒ってるの？」 「怒ってないってば」,sentence
2894,健,kanji
2895,隶,radical
2896,康,kanji
2897,健康,word
2898,あなたの健康が心配です。,sentence
2899,間に合う,word
2900,あと３分ってところでバスに間に合わなかったんだ。,sentence
2901,灯,kanji
2902,道が込んでいますから、約束の時間に間に合わないかも知れない。,sentence
2903,傾,kanji
2904,傾向,word
2905,どんな傾向の本を読んでるの？,sentence
2906,布,kanji
2907,怖,kanji
2908,怖い,word
2909,あなたが怖がっているのが分かります。,sentence
2910,先月,word
2911,あなたは先月から日本にいますか。,sentence
2912,太陽,word
2913,そのとき太陽がのぼるところだった。,sentence
2914,先生,word
2915,「あなたは先生ですか」「その通りです」,sentence
2916,今夜,word
2917,「今夜電話してもいい？」「いいよ」,sentence
2918,位,kanji
2919,先進,word
2920,先進国,word
2921,借,kanji
2922,借りる,word
2923,30ドル借りてもいい？,sentence
2924,低,kanji
2925,党,word
2926,今でもコーヒー党なの？,sentence
2927,無駄,word
2928,あなたが彼に援助を求めても、無駄というものだ。,sentence
2929,旧,kanji
2930,児,kanji
2931,全員,word
2932,クラスの人たちぜんいんがここにいる。,sentence
2933,延,kanji
2934,戦争は停止されるべきだと全員合意した。,sentence
2935,誕,kanji
2936,誕生,word
2937,トムの誕生パーティーを開く予定だ。,sentence
2938,兵,kanji
2939,公共,word
2940,公共の場所をきれいにしておこう。,sentence
2941,ロンドン,word
2942,あなたが到着される前に、彼はロンドンへ出発しました。,sentence
2943,冷,kanji
2944,公園,word
2945,「どのようにしてその公園に行きましたか」「バスで行きました」,sentence
2946,全然,word
2947,あいつは女の子には全然関心がなかったんだ。,sentence
2948,公式,word
2949,この報道は公式のものだ。,sentence
2950,たがる,word
2951,「彼は仕事のあとコーヒーを飲みたがっています」「私もです」,sentence
2952,寅,kanji
2953,演,kanji
2954,公演,word
2955,この公演はもう終わりました。,sentence
2956,満足,word
2957,あなたが言われたことについては全く満足に感じています。,sentence
2958,公開,word
2959,この公園はすべての人に公開されている。,sentence
2960,みたい,word
2961,あいつらが困ってるみたい。手伝ってくれない？,sentence
2962,共通,word
2963,トムと私は共通したところが何もない。,sentence
2964,ピアノ,word
2965,「なぜピアノを始めたんですか」「音楽の先生になりたいから」,sentence
2966,内部,word
2967,彼は党を内部から改革しようとした。,sentence
2968,突然,word
2969,お母さんが突然歌い始めた。,sentence
2970,円高,word
2971,急度,word
2972,きっと,word
2973,あなたの家族はきっと親切でしょう。,sentence
2974,井,kanji
2975,囲,kanji
2976,再,kanji
2977,再び,word
2978,あなたに再び会えて嬉しい。,sentence
2979,独,kanji
2980,独,word
2981,乙,word
2982,ドイツ,word
2983,これはドイツから輸入した車です。,sentence
2984,冷戦,word
2985,伝える,word
2986,あなたに伝えたいことがあります。,sentence
2987,希,kanji
2988,処分,word
2989,この車を処分しなければならない。,sentence
2990,消す,word
2991,それは消せると思うよ。,sentence
2992,折,kanji
2993,処理,word
2994,あなただったらその問題をどう処理するか。,sentence
2995,庭,word
2996,あなたの庭が好きだ。,sentence
2997,出場,word
2998,御座る,word
2999,ありがとうございます。,sentence
3000,材,kanji
3001,利用,word
3002,あなたの時間をうまく利用しなさい。,sentence
3003,日(⺜),kanji-variant
3004,冒,kanji
3005,帽,kanji
3006,帽子,word
3007,あなたの帽子はどこにあるの？,sentence
3008,益,kanji
3009,利益,word
3010,それは彼の利益になる。,sentence
3011,ケーキ,word
3012,あのケーキ食べてもいい？,sentence
3013,制裁,word
3014,20,sentence-component
3015,10月20日から仕事を始めます。,sentence
3016,前半,word
3017,箇,kanji
3018,箇月,word
3019,あの作家が事故で死んでから、６ヶ月になります。,sentence
3020,前回,word
3021,彼は前回の会議に来なかった。,sentence
3022,渡,kanji
3023,渡る,word
3024,ここを渡りましょう。,sentence
3025,芸,kanji
3026,その報道は全国に行き渡った。,sentence
3027,提,kanji
3028,前提,word
3029,酒,word
3030,「僕の父さんお酒は飲まないよ」「私の父さんもだよ」,sentence
3031,豦,kanji
3032,劇,kanji
3033,劇場,word
3034,あの劇場では今月何をやってるの？,sentence
3035,別,word
3036,「トム？ 何かあったの？」「別に。声聞きたくなっただけ」,sentence
3037,典,kanji
3038,労働者,word
3039,労働者は一般に１日に８時間働く。,sentence
3040,席,kanji
3041,席,word
3042,あなたと席を交換しよう。,sentence
3043,刷,kanji
3044,動物,word
3045,この動物、フランス語で何ていうんですか？,sentence
3046,どうぞ,word
3047,「いい時計してるね。ちょっと見せて」「どうぞ、昨日買ったばかりなんですよ」,sentence
3048,卒,kanji
3049,勝利,word
3050,これはあなたの勝利だ。,sentence
3051,刃,kanji
3052,忍,kanji
3053,認,kanji
3054,認める,word
3055,あなたの言うことが正しいと認めざるを得ません。,sentence
3056,医学,word
3057,民間企業に対する投資をもっと認めてほしい。,sentence
3058,鍵,kanji
3059,二人の医者が医学の話をしていた。,sentence
3060,鍵,word
3061,「どうしたの？」「鍵がない」「何の鍵？」「自転車の鍵」,sentence
3062,帀,kanji
3063,師,kanji
3064,医師,word
3065,医師のいう通りにしなさい。,sentence
3066,通る,word
3067,「学校はどうやって通ってるの？」「バスです」,sentence
3068,十分,word
3069,ありがとう、充分にいただきました。,sentence
3070,進む,word
3071,あの人に頼むのはちょっと気が進まない。,sentence
3072,半分,word
3073,この列車で行けば半分の時間でいけますよ。,sentence
3074,去る,word
3075,「風と共に去りぬ」を読む。,sentence
3076,季,kanji
3077,人々が危機は去ったと言っています。,sentence
3078,南北,word
3079,日本は南北に長い国です。,sentence
3080,従う,word
3081,あなたが話をしたがっていたのは誰ですか。,sentence
3082,危険,word
3083,あまり酒を飲み過ぎるのは、危険だ。,sentence
3084,美味しい,word
3085,あの店ではとてもおいしい食事を出す。,sentence
3086,底,kanji
3087,原子,word
3088,原子力,word
3089,原子力は安全だ。,sentence
3090,侌,kanji
3091,陰,kanji
3092,御陰,word
3093,あなたが今あるのはだれのおかげなのですか。,sentence
3094,友人,word
3095,あなたは私の友人が好きですか。,sentence
3096,耳,word
3097,お父さんは僕の要求に全く耳をかさなかった。,sentence
3098,径,kanji
3099,反発,word
3100,ニュース,word
3101,あなたはそのニュースを聞きましたか。,sentence
3102,念,kanji
3103,それは地方のニュースに出ている。,sentence
3104,丩,kanji
3105,収,kanji
3106,収入,word
3107,今の収入に満足している。,sentence
3108,男の子,word
3109,「ぼくは、買いたいものがあるのだ」と男の子がいいました。,sentence
3110,松,kanji
3111,取っ手,word
3112,休む,word
3113,あなたは昨日学校を休みました。,sentence
3114,取材,word
3115,吸,kanji
3116,吸う,word
3117,あなたの家族にタバコを吸う人はいますか?,sentence
3118,毒,kanji
3119,受験,word
3120,受験したが失敗するだけだった。,sentence
3121,可愛い,word
3122,あいつの妹、とてもかわいいね。,sentence
3123,口,word
3124,あの仕事の口はまだあるよ。,sentence
3125,机,kanji
3126,机,word
3127,「あなたの本はどこですか」「机の上です」,sentence
3128,史上,word
3129,いー,word-component
3130,い,word
3131,「コーヒーでもどうだい」「できればそうしたいのだが、いくところがあるのでね」,sentence
3132,同様,word
3133,あれと同様難しくない仕事がある。,sentence
3134,悲しい,word
3135,あなたがそんなに悲しそうに泣くのは聞いていられない。,sentence
3136,牧,kanji
3137,同盟,word
3138,静,kanji
3139,静か,word
3140,あなたは静かにしているかぎりここにいてもよい。,sentence
3141,名,word
3142,「何名様ですか」「３名です」,sentence
3143,許す,word
3144,あなたはこの車を使うことを許されていない。,sentence
3145,芽,kanji
3146,名前,word
3147,「お名前は何ですか？」「トムです」,sentence
3148,第,word
3149,ちょっと。。。第二工場へ行ってきます。,sentence
3150,英,kanji
3151,誉,kanji
3152,名誉,word
3153,あれほど金と名誉があるのに、彼は幸せでない。,sentence
3154,奴,word
3155,あいついい奴なんだ。,sentence
3156,更,kanji
3157,便,kanji
3158,乎,kanji
3159,呼,kanji
3160,呼ぶ,word
3161,あいつのこと、トムって呼んでたな。,sentence
3162,外出,word
3163,あなたは外出しないほうがよい、と私は思った。,sentence
3164,問う,word
3165,政府が住民に問う一般投票を実施しました。,sentence
3166,食べ物,word
3167,あなたの大好きな夏の食べ物は何ですか。,sentence
3168,勇,kanji
3169,営業,word
3170,この店は日曜日に営業していますか。,sentence
3171,変える,word
3172,あなたの考えを変えることができると思っていました。,sentence
3173,回答,word
3174,これらすべての質問に回答しなければなりません。,sentence
3175,梨,kanji
3176,梨,word
3177,トムが梨を食べたんだ。,sentence
3178,無し,word
3179,君無しでは生きられない。,sentence
3180,なし,word
3181,この暑さの中帽子なしで外出してはいけません。,sentence
3182,刑,kanji
3183,型,kanji
3184,国境,word
3185,音楽に国境なし。,sentence
3186,暮,kanji
3187,暮らす,word
3188,お金は余り持っていませんが、どうにか暮らしています。,sentence
3189,国立,word
3190,日本人,word
3191,あなたが日本人だと私は思っていた。,sentence
3192,耒,radical
3193,耤,kanji
3194,籍,kanji
3195,国籍,word
3196,彼の国籍はどこですか。,sentence
3197,月曜,word
3198,トムはいつも月曜の朝にそれやるんだよ。,sentence
3199,国防,word
3200,味,word
3201,この水はよい味がする。,sentence
3202,楽しみ,word
3203,あなたが何を楽しみにしているのか私に教えて下さい。,sentence
3204,栄,kanji
3205,国際的,word
3206,国連は一つの国際的機能である。,sentence
3207,場合,word
3208,この場合、どうするのが一番いいんだろう？,sentence
3209,浅,kanji
3210,震,kanji
3211,地震,word
3212,いつ地震が起こるかは誰にもわからない。,sentence
3213,幺,radical
3214,樂,kanji
3215,轢,kanji
3216,轢く,word
3217,五つばかりの子供が自転車に轢かれたんですよ。,sentence
3218,ひく,word
3219,その子供は車にひかれかけた。,sentence
3220,基地,word
3221,昨日、彼は基地に帰らなかった。,sentence
3222,世話,word
3223,あなたはあなたの犬の世話をしなくてはならない。,sentence
3224,祝,kanji
3225,疋,kanji
3226,楚,kanji
3227,礎,kanji
3228,基礎,word
3229,姉,word
3230,あなたの姉さんはピアノが上手ですね。,sentence
3231,紀,kanji
3232,曽,kanji
3233,増,kanji
3234,増加,word
3235,この都市の人口は増加中です。,sentence
3236,毋,kanji
3237,毋(毌),kanji-variant
3238,貫,kanji
3239,慣,kanji
3240,慣れる,word
3241,あなたはすぐに新しい大学生活に慣れるだろう。,sentence
3242,辟,kanji
3243,壁,kanji
3244,壁,word
3245,あの絵を壁に掛けなさい。,sentence
3246,カメラ,word
3247,壁の注意書を見なさい。,sentence
3248,胃,kanji
3249,あなたが持っているのと同じカメラを買った。,sentence
3250,声明,word
3251,その声明では改革が必要だといっていた。,sentence
3252,忠,kanji
3253,忠告,word
3254,あなたに忠告を聞いておけばよかったのだが。,sentence
3255,外,word
3256,いい天気だから外で遊んできなさい。,sentence
3257,残,kanji
3258,残る,word
3259,あなたが彼と一緒に行こうが家に残っていようが、彼は泳ぎに行くだろう。,sentence
3260,多数,word
3261,反対投票多数。,sentence
3262,回る,word
3263,1日や2日で東京を見て回るなんて出来ない。,sentence
3264,夜,word
3265,あなたは夜よく寝れませんか。,sentence
3266,乞,kanji
3267,迄,kanji
3268,今迄,word
3269,あなたは今までどこに行っていたのですか。,sentence
3270,倉,kanji
3271,夢,kanji
3272,夢,word
3273,あなたの夢が現実のものとなった。,sentence
3274,宜,kanji
3275,宜しい,word
3276,あなたに頼んでもよろしいですか。,sentence
3277,大使,word
3278,大使は戻りました。,sentence
3279,喋,kanji
3280,喋る,word
3281,あなたはお母さんみたいな喋り方をするのね。,sentence
3282,大切,word
3283,「トムにとって一番大切なものって何？」「何だろう。そんなこと初めて聞かれた」,sentence
3284,一,word
3285,あなたにひとつお願いしたいのですが。,sentence
3286,孫,kanji
3287,大国,word
3288,日本は世界で最大の経済大国だと言われている。,sentence
3289,然し,word
3290,あなたは泳げる。しかし、私は泳げません。,sentence
3291,大変,word
3292,あなたが思ってるほど大変じゃないわよ。,sentence
3293,来週,word
3294,あなたが来週に返すならば、その本を貸してあげよう。,sentence
3295,差,kanji
3296,和平会議が来週始まる。,sentence
3297,皇,kanji
3298,国会は来週月曜に開かれる。,sentence
3299,天皇,word
3300,遂,kanji
3301,遂に,word
3302,ついに仕事を見付けた。,sentence
3303,夫人,word
3304,私の夢は大統領夫人になることです。,sentence
3305,コンピューター,word
3306,いつでもこのコンピューターを使っていいよ。,sentence
3307,丗,kanji
3308,帯,kanji
3309,夫婦,word
3310,じつをいうと、二人は夫婦ではないのです。,sentence
3311,傘,kanji
3312,傘,word
3313,あなたが見つけたその傘はトムのですか？,sentence
3314,徒,kanji
3315,女,word
3316,「女らしさ」って何？そんな言葉、私の辞書にないし。,sentence
3317,曼,kanji
3318,慢,kanji
3319,我慢,word
3320,あの男には我慢ならない。,sentence
3321,娘,kanji
3322,娘,word
3323,あなたはきれいな娘さんです。,sentence
3324,訪ねる,word
3325,あす事務所にあなたをお訪ねしましょう。,sentence
3326,料,kanji
3327,存,kanji
3328,存在,word
3329,あの頃はまだコンピューターが存在しなかった。,sentence
3330,言語,word
3331,個人は国家のために存在するのではない。,sentence
3332,案,kanji
3333,10言語も喋れるとか嘘やろ？,sentence
3334,学部,word
3335,私たちの大学は８つの学部から成っている。,sentence
3336,9,sentence-component
3337,「今日は9時に寝よう」「いいよ」,sentence
3338,梅,kanji
3339,総会は9時ちょうどに始まった。,sentence
3340,于,kanji
3341,宇,kanji
3342,宙,kanji
3343,宇宙,word
3344,みんな宇宙人になったつもりで。,sentence
3345,盗,kanji
3346,盗む,word
3347,お金を盗まれた。,sentence
3348,安定,word
3349,その国の政府は今安定している。,sentence
3350,売る,word
3351,あなたの家を売ってくれませんか。,sentence
3352,殺,kanji
3353,宗,kanji
3354,宗教,word
3355,あなたがたは彼らの宗教のことを考えなくてはなりません。,sentence
3356,逃,kanji
3357,逃げる,word
3358,ここから逃げなさい。,sentence
3359,浴,kanji
3360,官僚,word
3361,絶,kanji
3362,絶対,word
3363,あなたの援助は私たちにとって絶対必要だ。,sentence
3364,邸,kanji
3365,官邸,word
3366,返事,word
3367,あなたからすぐに返事がもらえることを楽しみにしています。,sentence
3368,実力,word
3369,実力だよ、実力。,sentence
3370,直す,word
3371,あとでかけ直します。,sentence
3372,粉,kanji
3373,実態,word
3374,士,word
3375,脈,kanji
3376,実現,word
3377,あなたの夢がみんな実現されますように。,sentence
3378,如,kanji
3379,如何,word
3380,あなたのお母さんはいかがですか。,sentence
3381,亢,kanji
3382,航,kanji
3383,績,kanji
3384,実績,word
3385,克,kanji
3386,新約克,word
3387,丑,kanji
3388,紐,kanji
3389,紐,word
3390,約,word
3391,「ここから学校までどのくらいかかりますか」「歩いて約１０分です」,sentence
3392,紐育,word
3393,ニューヨーク,word
3394,あなたはニューヨークにいたことがありますか。,sentence
3395,訓,kanji
3396,実際,word
3397,「地球環境のために」と言っているが、実際には「地球で生きていく人間のため」だ。,sentence
3398,坊,kanji
3399,赤ん坊,word
3400,あの人たちの赤ん坊はもう歩くことができる。,sentence
3401,実験,word
3402,この実験を行うのにいくら注意しても注意しすぎることはない。,sentence
3403,所為,word
3404,それは実際君の所為である。,sentence
3405,せい,word
3406,「メアリーってどうして泣いてるの？」「お前のせいだよ」,sentence
3407,郡,kanji
3408,寺,word
3409,あれは彼らが住んでいる寺です。,sentence
3410,秘,kanji
3411,宓,kanji
3412,密,kanji
3413,秘密,word
3414,「秘密を守ってくれる？」「わかった」「僕も守るよ」,sentence
3415,対立,word
3416,私たちはそのことで意見が対立した。,sentence
3417,長(镸),kanji-variant
3418,髟,radical
3419,髪,kanji
3420,髪,word
3421,あなたの髪は長いわね。,sentence
3422,対話,word
3423,調べる,word
3424,「それは何ですか」とお聞きしたら「自分で調べなさい」と言われてしまいました。,sentence
3425,側,kanji
3426,調査機関がその効果を調べた。,sentence
3427,専,kanji
3428,専務,word
3429,専務は社長とうまくいっていない。,sentence
3430,腹,kanji
3431,腹,word
3432,あなたはトムに腹を立てているのだと思ってました。,sentence
3433,副,kanji
3434,専門,word
3435,これは、私の専門外だ。,sentence
3436,下りる,word
3437,あなたの国では雪がたくさん降りますか。,sentence
3438,昌,kanji
3439,唱,kanji
3440,専門家,word
3441,あなたはこの仕事では私同様専門家ではない。,sentence
3442,運ぶ,word
3443,彼らはもっと調べるよう医療専門家に頼んだ。,sentence
3444,堂,kanji
3445,あなたが運ぼうと思う物は運ぶ必要はありません。,sentence
3446,導入,word
3447,茶,word
3448,あがってお茶でもどうですか？,sentence
3449,巣,kanji
3450,少なくとも,word
3451,ジェーン,sentence-component
3452,あなたかジェーンのどちらかがそこへ行かなくてはならない。,sentence
3453,少年,word
3454,「ぼく日本人」少年は答えた。,sentence
3455,残念,word
3456,あなたがいっしょに来られないと残念です。,sentence
3457,尤,kanji
3458,就,kanji
3459,就任,word
3460,彼は二年前に就任した。,sentence
3461,訪れる,word
3462,あなたはいつニューヨークを訪れましたか。,sentence
3463,救,kanji
3464,展,kanji
3465,展開,word
3466,予想通りの展開になりましたね。,sentence
3467,ドレス,word
3468,あのドレス大好き。,sentence
3469,山,word
3470,「なぜ、山に登りたいの？」「そこに山があるからさ」,sentence
3471,出来るだけ,word
3472,この本はできるだけ早く返してくれ。,sentence
3473,望,kanji
3474,島,word
3475,あの島はアメリカの領土です。,sentence
3476,滞,kanji
3477,滞在,word
3478,「どちらに滞在していますか」「あのホテルに滞在しています」,sentence
3479,戒,kanji
3480,械,kanji
3481,朋,kanji
3482,崩,kanji
3483,壊,kanji
3484,崩壊,word
3485,この事件は運動を崩壊させた。,sentence
3486,100,sentence-component
3487,彼の政権はきっと崩壊する。,sentence
3488,清,kanji
3489,100ドルまで使っていいですよ。,sentence
3490,工事,word
3491,工事は10月に始まった。,sentence
3492,幸福,word
3493,あなたがいつも幸福でありますように。,sentence
3494,工業,word
3495,工業よりも金融に関心のある学生のほうが多い。,sentence
3496,動く,word
3497,あの時計は動いていますか。,sentence
3498,差,word
3499,それは大変な差である。,sentence
3500,学,word
3501,今日は私たちの最終学日です。,sentence
3502,采,kanji
3503,菜,kanji
3504,市長,word
3505,今は市長には会えません。,sentence
3506,洗,kanji
3507,洗う,word
3508,あなたの手は洗う必要がある。,sentence
3509,貨,kanji
3510,希望,word
3511,「何時をご希望でございますか？」「２時でいいですが」,sentence
3512,振,kanji
3513,振り,word
3514,「トム、寝たふりしてるでしょ」「してない。寝てる」「寝てる人は答えないはずだよ」,sentence
3515,陸,kanji
3516,幅,word
3517,この道の幅はどれくらいですか。,sentence
3518,図書,word
3519,私のところの図書は自由にお使い下さい。,sentence
3520,尃,kanji
3521,博,kanji
3522,甲,kanji
3523,押,kanji
3524,押す,word
3525,ここを押すと痛いですか？,sentence
3526,齒,kanji
3527,齒(歯),kanji-variant
3528,齢,kanji
3529,年齢,word
3530,お酒は飲める年齢かな？,sentence
3531,合格,word
3532,きっと合格しなけりゃダメよ。,sentence
3533,広告,word
3534,いなくなった犬を新聞広告によってみつけた。,sentence
3535,尋,kanji
3536,尋ねる,word
3537,「お名前は何ですか？」と尋ねました。,sentence
3538,延長,word
3539,今夜まででしたら延長できます。,sentence
3540,真実,word
3541,「それは真実さ」とジョンは言いました。,sentence
3542,弁,kanji
3543,弁護,word
3544,誰もあなたを弁護しないだろう。,sentence
3545,弁護士,word
3546,あなたの弁護士は誰ですか。,sentence
3547,致,kanji
3548,致す,word
3549,「ありがとう」「どういたしまして」,sentence
3550,当選,word
3551,彼は当選して知事になるつもりだと言った。,sentence
3552,当たる,word
3553,「１月」は１年の中で最初の月にあたります。,sentence
3554,彼ら,word
3555,中国,word
3556,あなたはこの秋中国を訪れるつもりですか。,sentence
3557,彼女,word
3558,「それはいい考えね」と彼女は言った。,sentence
3559,あんな,word
3560,それは彼女の初仕事でした。,sentence
3561,尭,kanji
3562,彼女の心の動きを読むことさえできなかった。,sentence
3563,焼,kanji
3564,あんないい男そうそういないぞ！！,sentence
3565,後半,word
3566,その試合の後半はとてもおもしろかった。,sentence
3567,氏,word
3568,思い,word
3569,あなたはどうしても自分の思いどおりにしたがる。,sentence
3570,萑,kanji
3571,雚,kanji
3572,鸛,kanji
3573,鸛,word
3574,劫,kanji
3575,劫,word
3576,蝗,kanji
3577,飛蝗,word
3578,稲,kanji
3579,稲子,word
3580,こう,word
3581,「こういうの、興味あるのですか」 「そう言うわけじゃありません。」,sentence
3582,給,kanji
3583,連れる,word
3584,この次は友達をみんな連れてきてください。,sentence
3585,街,kanji
3586,思わず,word
3587,関わる,word
3588,あいつとは今後関わらない。,sentence
3589,凡,kanji
3590,巩,kanji
3591,恐,kanji
3592,恐れ,word
3593,続く,word
3594,「会合はどのくらい続きそうですか」「２時間です」,sentence
3595,意欲,word
3596,離,kanji
3597,離れる,word
3598,ここから君の学校まではどれほど離れていますか。,sentence
3599,宁,kanji
3600,貯,kanji
3601,識,kanji
3602,意識,word
3603,もし患者に意識がなければ、その患者の家族が決めていいのです。,sentence
3604,酋,kanji
3605,尊,kanji
3606,噂,kanji
3607,噂,word
3608,うわさは事実だとわかった。,sentence
3609,費,kanji
3610,愛,word
3611,お金が彼女に大切なのと同じだけ私には愛が大切だ。,sentence
3612,赤い,word
3613,お酒を飲むとすぐに赤くなっちゃうんです。,sentence
3614,感じ,word
3615,あまり感じよくないよ。,sentence
3616,誕生日,word
3617,10月20日はトムの誕生日です。,sentence
3618,量,kanji
3619,態度,word
3620,あなたのような態度には誰だって我慢できませんわ。,sentence
3621,かしら,word
3622,あす天気になるかしら。,sentence
3623,懸念,word
3624,赤ちゃん,word
3625,あなたとの赤ちゃんが欲しいな。,sentence
3626,順,kanji
3627,成果,word
3628,これは私たちの研究の成果です。,sentence
3629,嫌,word
3630,「これ以上何も言うことはありません、いいわけをするのはいやですから」と彼は言った。,sentence
3631,飯,kanji
3632,成立,word
3633,どうやってあの契約を成立させたんですか。,sentence
3634,先,word
3635,あなたがたのうちどちらが先にやってみますか。,sentence
3636,我々,word
3637,あなたは我々を援助する必要はない。,sentence
3638,帰宅,word
3639,我々は組織を強化しなくてはならん。,sentence
3640,塩,kanji
3641,あなたが帰宅したとき、お母さんは何をしていましたか。,sentence
3642,闘,kanji
3643,戦闘,word
3644,彼らの到着する前に戦闘は終わっていた。,sentence
3645,宛,kanji
3646,腕,kanji
3647,腕,word
3648,あなたの腕の中で見た夢を思い出す。,sentence
3649,所得,word
3650,イギリス,word
3651,あなたは来年はイギリスへ行かなければならないでしょう。,sentence
3652,手続き,word
3653,とても時間がかかるから空港での手続きに従うのは好きじゃない。,sentence
3654,文,word
3655,あなたの一番好きな文は何ですか？,sentence
3656,承,kanji
3657,承認,word
3658,その企画は彼の承認を必要とする。,sentence
3659,ゆっくり,word
3660,あなたはゆっくり休むことが必要だ。,sentence
3661,照,kanji
3662,担,kanji
3663,担当,word
3664,あなたがこの工場で働く女性の担当になります。,sentence
3665,図書館,word
3666,きのう図書館でビルに会った。,sentence
3667,即,kanji
3668,節,kanji
3669,採,kanji
3670,採用,word
3671,その計画は会議で採用された。,sentence
3672,而,kanji
3673,而して,word
3674,そして,word
3675,ここへ来てそして私を手伝ってよ。,sentence
3676,廌,kanji
3677,薦,kanji
3678,推薦,word
3679,あなたが推薦する場所はありますか。,sentence
3680,扱,kanji
3681,扱う,word
3682,あの国では、私は外国人だったのでそれなりに扱われた。,sentence
3683,提案,word
3684,これらの発言は彼女の提案に関係がある。,sentence
3685,於く,sentence-component
3686,あのテーブルの上においてある本を取りなさい。,sentence
3687,腸,kanji
3688,支局,word
3689,先ず,word
3690,あなたにはまず最初に尋ねるべきだったでしょうか。,sentence
3691,支店,word
3692,この近くに日本の銀行の支店はありますか。,sentence
3693,御免,word
3694,この間はごめんなさい。,sentence
3695,善,kanji
3696,改善,word
3697,きっと事態は改善されるであろうと思います。,sentence
3698,パン,word
3699,君には仕事への姿勢を改善してもらいたい。,sentence
3700,教師,word
3701,あのパン、食べるつもり？,sentence
3702,多分,word
3703,あなたは教師です。,sentence
3704,旗,kanji
3705,あなたはたぶん正しいでしょう。しかし、私どもは少し違った意見を持っています。,sentence
3706,数,word
3707,あと数日で赤ん坊は歩けるようになるだろう。,sentence
3708,張る,word
3709,二、三、電話をかけなくてははらない。,sentence
3710,数字,word
3711,この数字があっているか調べてください。,sentence
3712,パリ,word
3713,「ご出身はどちらですか？」「パリです」,sentence
3714,漁,kanji
3715,備,kanji
3716,整備,word
3717,彼は自分の車をよく整備している。,sentence
3718,暗い,word
3719,あなたは暗くなる前に帰ってこなければなりません。,sentence
3720,種,kanji
3721,その防衛計画に関する見通しは暗い。,sentence
3722,文学,word
3723,あなたはフランス文学が好きですか。,sentence
3724,先週,word
3725,あなたは先週ここにいましたか。,sentence
3726,文書,word
3727,それを文書で見たいと思います。,sentence
3728,死,word
3729,その政治家の死は政界に大きな影響を与えた。,sentence
3730,説,kanji
3731,料理,word
3732,あなたが料理するのを見た。,sentence
3733,抵,kanji
3734,大抵,word
3735,それは、たいていの人は耳にしたこともない小さな国です。,sentence
3736,料金,word
3737,このバスの料金はいくらですか。,sentence
3738,はっきり,word
3739,あなたは態度をはっきりさせなくてはならない。,sentence
3740,新人,word
3741,あの人たちは、新人さんなの？,sentence
3742,色々,word
3743,「ありがとう」「何のこと？」「いろいろと」,sentence
3744,億,kanji
3745,旅行,word
3746,「旅行が好きですか」「その通りです」,sentence
3747,数学,word
3748,これは難しい数学の問題だ。,sentence
3749,器,kanji
3750,日程,word
3751,合わせる,word
3752,あなたの計画を私に合わせなさい。,sentence
3753,早期,word
3754,その事件の早期解決を期待する。,sentence
3755,怪,kanji
3756,怪我,word
3757,ある女性がその事故でけがをし、彼女の２人の娘もけがをした。,sentence
3758,熱,kanji
3759,隺,kanji
3760,確,kanji
3761,明確,word
3762,あなたの文の意味を明確にしてください。,sentence
3763,あらゆる,word
3764,あらゆることがうまくいっていると思います。,sentence
3765,昔,word
3766,あなたと私は昔からの友達です。,sentence
3767,尽くす,word
3768,ずっと昔からこの原則は認められてきた。,sentence
3769,賞,kanji
3770,どう手を尽くしてもダメだった。,sentence
3771,像,kanji
3772,映像,word
3773,馬鹿,word
3774,「馬鹿」という言葉は、悪い言葉だと言われているが、私の成長してきた環境では、 それほど悪い言葉ではなかったように思う。,sentence
3775,輪,kanji
3776,並,kanji
3777,普,kanji
3778,普通,word
3779,あなたがわかるような普通の言葉で言いましょう。,sentence
3780,番,word
3781,あなたが話す番です。,sentence
3782,斬,kanji
3783,暫,kanji
3784,暫定,word
3785,射,kanji
3786,謝,kanji
3787,感謝,word
3788,あなたが私の家族にして下さったことにたいへん感謝します。,sentence
3789,養,kanji
3790,有力,word
3791,彼は政界の有力者だ。,sentence
3792,朝食,word
3793,あなたはいつも朝食にコーヒーを飲みますか。,sentence
3794,有効,word
3795,あのとき私がした約束は有効だ。,sentence
3796,叚,kanji
3797,暇,kanji
3798,暇,word
3799,あしたは一日中ひまです。,sentence
3800,本人,word
3801,あなた本人が彼女に会いに行けば、彼女はうれしく思う。,sentence
3802,受け取る,word
3803,この金は君が受け取るべきものだ。,sentence
3804,本当,word
3805,「それって、本当のこと？」「そうだと思う」,sentence
3806,スポーツ,word
3807,私達の先生は、私達の学校が州で一番だというが、ある意味でそれは本当のことだ。,sentence
3808,観,kanji
3809,あなたはどのスポーツが一番好きですか。,sentence
3810,林,word
3811,類,kanji
3812,柱,word
3813,習慣,word
3814,あんな習慣が最初にいつ生まれたのかは誰にもわからない。,sentence
3815,亥,kanji
3816,彼は従来の習慣と違ったことをした。,sentence
3817,核,kanji
3818,核,word
3819,彼らは核戦争の心配をしている。,sentence
3820,椅,kanji
3821,椅子,word
3822,「これは誰のイスですか」「私のものです」,sentence
3823,鏡,kanji
3824,兵器,word
3825,日本は兵器にあまりお金を使うべきではない。,sentence
3826,核兵器,word
3827,その戦争は日本人の核兵器に対する見方に影響を与えた。,sentence
3828,冗,kanji
3829,彼は核兵器は国防のために必要だと主張している。,sentence
3830,冗談,word
3831,あれは冗談だったの？,sentence
3832,森,word
3833,この木のせいで森を見ることができません。,sentence
3834,レストラン,word
3835,あなたとあのレストランで食事ができたらよかったのに。,sentence
3836,競,kanji
3837,検,kanji
3838,検察,word
3839,まー,word
3840,それはあまりにもうますぎる話だ。,sentence
3841,ま,word
3842,あなたにまもなくお会いできることを楽しみにしています。,sentence
3843,検査,word
3844,あなたはお医者さんに目を検査してもらうべきです。,sentence
3845,員,word
3846,久,kanji
3847,討,kanji
3848,検討,word
3849,ご検討頂くために。,sentence
3850,困難,word
3851,あなたの家を探すのにまったく困難はなかった。,sentence
3852,構想,word
3853,休暇,word
3854,これで休暇は終わった。,sentence
3855,様子,word
3856,トムの所に行って様子を見てこようと思ってる。,sentence
3857,一体,word
3858,「一体なんでまたそんなことをするの？」もう一方が尋ねた。,sentence
3859,権利,word
3860,あなたにはこの人たちを批判する権利はない。,sentence
3861,助け,word
3862,あなたの助けがなかったら、我々は仕事を間に合わせられなかったであろう。,sentence
3863,刊,kanji
3864,権力,word
3865,実際には、彼らが興味を持つのは権力だけなのだ。,sentence
3866,ペン,word
3867,あなたのペンはどれですか。,sentence
3868,機会,word
3869,あなたはこの機会を利用すべきだ。,sentence
3870,丸,word
3871,今夜とまるところがないんだ。,sentence
3872,丸で,word
3873,あの政治家が言うことはまるで真実ではない。,sentence
3874,歌,word
3875,あなたに歌を歌ってほしいです。,sentence
3876,湖,word
3877,この湖で泳いでもいいですか。,sentence
3878,圧,kanji
3879,常,kanji
3880,正常,word
3881,わたしの時計は正常に動いていない。,sentence
3882,京都,word
3883,あなたは京都にどれくらい滞在しますか。,sentence
3884,正式,word
3885,どの程度正式なのですか。,sentence
3886,させる,word
3887,「君のそれをやめさせなければいけないな」「何をやめさせるって？」,sentence
3888,武,kanji
3889,武力,word
3890,卵,kanji
3891,卵,word
3892,この卵はすべて古い。,sentence
3893,武器,word
3894,それは武器です。,sentence
3895,暫く,word
3896,ここしばらくの間。,sentence
3897,壮,kanji
3898,装,kanji
3899,武装,word
3900,彼らはみな武装している。,sentence
3901,安い,word
3902,あの家が安く買えたらなあ。,sentence
3903,犯,kanji
3904,母親,word
3905,こういう母親を持っている子供は幸福である。,sentence
3906,ジム,word
3907,「ジムはどのようにして学校に行きますか」「バスで行きます」,sentence
3908,比べる,word
3909,あなたの訳を彼の訳と比べてみなさい。,sentence
3910,機械,word
3911,あの機械は、まだ使えますか。,sentence
3912,仮,kanji
3913,彼らは新しい機械を開発する為に懸命に働いた。,sentence
3914,比例,word
3915,月曜日,word
3916,あなたは来週の月曜日まで寝ていなければならない。,sentence
3917,水準,word
3918,生活水準は上がるべきである。,sentence
3919,昼食,word
3920,あの日、そこで昼食をとっていた。,sentence
3921,決勝,word
3922,修理,word
3923,あの店でカメラを修理して貰った。,sentence
3924,決算,word
3925,涙,kanji
3926,涙,word
3927,うれしくて涙が出るよ。,sentence
3928,治療,word
3929,すぐに治療しなければなりません。,sentence
3930,鳴る,word
3931,「電話が鳴っているよ。」　「私が出ます。」,sentence
3932,法人,word
3933,次第,word
3934,「いつ戻ってくるの?」「お天気次第だよ」,sentence
3935,律,kanji
3936,法律,word
3937,この法律は改正すべきだ。,sentence
3938,御腹,word
3939,おなかが痛い。,sentence
3940,伐,kanji
3941,閥,kanji
3942,派閥,word
3943,この会社には派閥があります。,sentence
3944,ビール,word
3945,あのビールをください。,sentence
3946,流れ,word
3947,交通の流れはとてもゆっくりだった。,sentence
3948,限る,word
3949,あなたがいないときに限って、あなたが欲しい。,sentence
3950,海,word
3951,あの湖は海のように見えます。,sentence
3952,おる,word
3953,あなたと御家族にお会いできることを楽しみにしております。,sentence
3954,消費,word
3955,習う,word
3956,いつから日本語習ってるの？,sentence
3957,消費者,word
3958,彼の会社は日本で最もうまく経営されている消費者金融だ。,sentence
3959,切れる,word
3960,10月に君らにまた会うのを待ちきれない。,sentence
3961,序,kanji
3962,刻,kanji
3963,深刻,word
3964,かなり深刻なようだ。,sentence
3965,冊,kanji
3966,円高で日本経済に対する影響が深刻になってきている。,sentence
3967,冊,word
3968,あなたたちは一度に３冊の本を借りることが出来ます。,sentence
3969,志,kanji
3970,昆,kanji
3971,混,kanji
3972,乱,kanji
3973,混乱,word
3974,その事故から混乱が起こった。,sentence
3975,啇,kanji
3976,敵,kanji
3977,素敵,word
3978,あなたの新しい帽子、なんて素敵な帽子なんでしょう。,sentence
3979,準備,word
3980,あなたの準備ができたら出発しましょう。,sentence
3981,無,word
3982,快,kanji
3983,演説,word
3984,あなたは演説をしなければいけないの？,sentence
3985,買い物,word
3986,「買い物行くけどついて来る？」「行く！」,sentence
3987,火,word
3988,あなたは出かけるとき火を消さなければならない。,sentence
3989,ワイン,word
3990,あのおいしいワインをなぜ飲まないんだい。,sentence
3991,無料,word
3992,この新聞は、無料です。,sentence
3993,遅刻,word
3994,いつものようにまた彼は遅刻して私を長く待たせた。,sentence
3995,川(巛),kanji-variant
3996,災,kanji
3997,焦,kanji
3998,焦点,word
3999,その花にカメラの焦点を合わせてください。,sentence
4000,覧,kanji
4001,御覧,word
4002,あのかわいい少女をごらんなさい。,sentence
4003,父親,word
4004,あなたに会う度に、私はあなたの父親を思い出す。,sentence
4005,大丈夫,word
4006,「大丈夫か？」「大丈夫だよぉ！」,sentence
4007,徴,kanji
4008,特徴,word
4009,招,kanji
4010,招待,word
4011,あなたが好きな人をだれでも招待してもいい。,sentence
4012,狙,kanji
4013,狙い,word
4014,何がねらいなんだ。,sentence
4015,歯,word
4016,その歯が痛い。,sentence
4017,独立,word
4018,いつ彼は独立できるのか。,sentence
4019,吹,kanji
4020,吹く,word
4021,あの日は強い風が吹いていました。,sentence
4022,独自,word
4023,彼らは独自の文化を持っていた。,sentence
4024,品,word
4025,その品は何処に行っても手にはいらない。,sentence
4026,現代,word
4027,彼は現代文学を研究しています。,sentence
4028,近い,word
4029,あなたの夢は近い将来実現するでしょう。,sentence
4030,現状,word
4031,彼は彼の現状に満足している。,sentence
4032,望む,word
4033,お望みならいってもいいですよ。,sentence
4034,理解,word
4035,「これが理解できないんです」「私もです」,sentence
4036,当てる,word
4037,私たちはその基礎となっている前提を理解すべきだった。,sentence
4038,往,kanji
4039,うまくあの先生のやまを当てたわね。,sentence
4040,生徒,word
4041,あなたの生徒が私に電話を掛けてきました。,sentence
4042,警官,word
4043,あの人たちは警官なの？,sentence
4044,男女,word
4045,男女ともテニスに優勝した。,sentence
4046,決心,word
4047,あなたが何を言おうと、私は決心を変えるつもりはありません。,sentence
4048,町,word
4049,あなたが町に来たらすぐに訪ねてください。,sentence
4050,タクシー,word
4051,そこは何の特徴もない町だ。,sentence
4052,疑問,word
4053,駅はその二つの町の中間にある。,sentence
4054,弾,kanji
4055,「私は同じほうへ行くからタクシーを呼んで一緒に乗らない？」と言うようなことを言った。,sentence
4056,弾く,word
4057,ある意味では君は正しいが、まだ疑問が残る。,sentence
4058,病気,word
4059,あの背の高い人は何を弾いているの？,sentence
4060,規則,word
4061,「これほどひどい病気になったことは今までにない」とトムは言った。,sentence
4062,枝,kanji
4063,あなたの忠告に従い、私は運動をもっと規則正しくすることに決めました。,sentence
4064,発展,word
4065,その国の発展は日本のそれよりも遅れている。,sentence
4066,粦,kanji
4067,隣,kanji
4068,隣,word
4069,あのビルのとなりです。,sentence
4070,発行,word
4071,１冊の新しい辞書の発行が計画されている。,sentence
4072,亡くなる,word
4073,3人の労働者が亡くなりました。,sentence
4074,河,kanji
4075,発表,word
4076,その記事はしばらく発表しないでくれませんか。,sentence
4077,ゲーム,word
4078,政府の国内政策が発表された。,sentence
4079,片,kanji
4080,あまり深刻に考えるな。ゲームなんだから。,sentence
4081,版,kanji
4082,視,kanji
4083,監視,word
4084,国連はその国の選挙を監視した。,sentence
4085,一日,word
4086,あと1日しかない。,sentence
4087,巴,kanji
4088,肥,kanji
4089,直前,word
4090,試合の直前にはいつもあがっています。,sentence
4091,舍,kanji
4092,捨,kanji
4093,捨てる,word
4094,このお金を彼にあげるくらいなら、捨てたほうがいい。,sentence
4095,舎,kanji
4096,直後,word
4097,用,word
4098,あのさ、特に用はないんだ。ちょっと声が聞きたくなって電話しただけなんだ。忙しいのならもう切るよ。,sentence
4099,述,kanji
4100,妾,kanji
4101,接,kanji
4102,直接,word
4103,こちらで直接やったほうがいい。,sentence
4104,解く,word
4105,あなたはどのようにしてその問題を解いたのですか。,sentence
4106,相互,word
4107,私は靴の紐をほどいた。,sentence
4108,件,word
4109,愛は相互的なものです。,sentence
4110,相談,word
4111,あの件、ありがとうございます。,sentence
4112,卬,kanji
4113,あなたに相談したいことがあるの。,sentence
4114,迎,kanji
4115,迎える,word
4116,あなたが私を迎えにくるまで待ちましょうか。,sentence
4117,知る,word
4118,「彼らの計画については何も知りません」と彼は言った。,sentence
4119,コンサート,word
4120,警察は容疑者の過去を知りたがっていた。,sentence
4121,㫗,kanji
4122,議会が最初に生まれたのはいつだか知っていますか。,sentence
4123,厚,kanji
4124,あとどれくらいでコンサートは始まるのですか。,sentence
4125,石油,word
4126,この国の石油は不足していない。,sentence
4127,敫,kanji
4128,激,kanji
4129,激しい,word
4130,ここは交通が激しい。,sentence
4131,確か,word
4132,「トムって、親切だ」って言ってたけど、確かにそうだね。,sentence
4133,白い,word
4134,金の価格が上昇するのは確かである。,sentence
4135,確保,word
4136,この犬は白いです。,sentence
4137,プレゼント,word
4138,私はあなたに仕事を確保できる。,sentence
4139,確実,word
4140,あなたが私のプレゼントを気にいってくれてうれしい。,sentence
4141,禺,kanji
4142,あなたが去る前には火を確実に消しなさい。,sentence
4143,偶,kanji
4144,偶然,word
4145,あなたは彼の名前を偶然知っていませんか。,sentence
4146,社員,word
4147,社員の半分が休暇を１日取った。,sentence
4148,黙,kanji
4149,黙る,word
4150,「みんな黙っていなさい」と彼は言った。,sentence
4151,祖,kanji
4152,禁,kanji
4153,禁止,word
4154,すみません、禁止されています。,sentence
4155,漸,kanji
4156,漸と,word
4157,「うちの赤ちゃんの名前、やっと決めたの」「当ててみるね。トムでしょ！」「どうして分かったの？」,sentence
4158,迷,kanji
4159,祉,kanji
4160,福祉,word
4161,公共の福祉のために働く。,sentence
4162,過ぎ,word
4163,あいつは彼女のことをしゃべりすぎなんだよ。,sentence
4164,退,kanji
4165,科学,word
4166,彼が科学の専門家でない人たちのために本を書く決心をしたのは、アメリカでの会議の後だった。,sentence
4167,屡,kanji
4168,屡々,word
4169,あなたが歌うのがしばしば聞こえる。,sentence
4170,屰,kanji
4171,逆,kanji
4172,秘書,word
4173,あなたが新しい秘書の方ですね。,sentence
4174,荷物,word
4175,「荷物持とうか？」「いいよ、大丈夫。ありがとう」,sentence
4176,移,kanji
4177,移植,word
4178,母は庭へ花を移植した。,sentence
4179,とく,word
4180,「知らんがな」言っとけばよろし。,sentence
4181,競争,word
4182,あの競争を見るのは楽しい。,sentence
4183,ボブ,word
4184,「君の電話が１分以内なら、ぼくは何でもしてやるよ」とボブは言う。,sentence
4185,俵,kanji
4186,競技,word
4187,あなたはその競技に参加するつもりですか。,sentence
4188,枚,kanji
4189,枚,word
4190,あなたの写真を１枚持っていてもいいですか。,sentence
4191,簡,kanji
4192,簡単,word
4193,あのゲームは簡単だったよ。,sentence
4194,伯,kanji
4195,伯父,word
4196,あれらの家は私の叔父の家です。,sentence
4197,精,kanji
4198,精神,word
4199,彼らは私のことを協力の精神にかけるという。,sentence
4200,掃,kanji
4201,除,kanji
4202,掃除,word
4203,あなたはここにいるんだから、掃除を手伝えるだろう。,sentence
4204,紛,kanji
4205,紛争,word
4206,彼らはその紛争を終わらせた。,sentence
4207,答え,word
4208,あなたの答えで間違いない？,sentence
4209,恩,kanji
4210,組合,word
4211,彼らは私に、会社の組合に入るよう頼んだ。,sentence
4212,値,kanji
4213,値段,word
4214,あの木の椅子の値段は、30ドルだった。,sentence
4215,経験,word
4216,あなたに教えたこれらのことは私が経験で知っている。,sentence
4217,床,kanji
4218,経験家が無い時には無経験な者を使うよりほかは無い。,sentence
4219,床,word
4220,その子は８時に床につきます。,sentence
4221,桜,kanji
4222,昏,kanji
4223,婚,kanji
4224,結婚,word
4225,「彼女と結婚するつもりなんだ」「やめといた方がいいよ」,sentence
4226,神,word
4227,あなたの神、今どこにいるか。,sentence
4228,留,kanji
4229,結局,word
4230,けっきょく、実力が勝つ。,sentence
4231,得意,word
4232,「自分で作った」と得意そうに彼は言った。,sentence
4233,結論,word
4234,その問題は結論を出す前によく考えるべきだ。,sentence
4235,なれる,word-reading
4236,あなたの助けになれる人を知っている。,sentence
4237,破,kanji
4238,統合,word
4239,２つの国は１つの政府に統合された。,sentence
4240,翻,kanji
4241,翻訳,word
4242,あなたは私の翻訳を手伝ってくれる。,sentence
4243,臤,kanji
4244,緊,kanji
4245,緊急,word
4246,彼には僕に話したい緊急の知らせがあった。,sentence
4247,振る,word
4248,そんないい人を振ったなんて、いったい何を考えてるの？,sentence
4249,耕,kanji
4250,総理,word
4251,橋,word
4252,あなたは橋は安全だというが、それでも私は気をつけることにする。,sentence
4253,扁,kanji
4254,編,kanji
4255,編成,word
4256,話し掛ける,word
4257,そのとき誰かに話し掛けたいような気がした。,sentence
4258,編集,word
4259,空気,word
4260,お前は空気が読めないのか？,sentence
4261,緩,kanji
4262,緩和,word
4263,コート,word
4264,あなたが家を出た後で、私はあなたのコートに気づきました。,sentence
4265,練習,word
4266,あなたはいつピアノの練習をしますか。,sentence
4267,ちゃん,word
4268,メアリーちゃんは明日何をするつもり？,sentence
4269,美術,word
4270,トムは現代美術を見る目がある。,sentence
4271,尊敬,word
4272,あなたが人生で最も尊敬しているのは誰ですか。,sentence
4273,老人,word
4274,あなたはなぜ彼のことをまるで老人であるかのように話すのか。,sentence
4275,ラジオ,word
4276,あなたはラジオでそのニュースを聞きましたか。,sentence
4277,寄,kanji
4278,匈,kanji
4279,胸,kanji
4280,胸,word
4281,彼の食べ方といったら、胸が悪くなるね。,sentence
4282,倍,word
4283,4の5倍は20である。,sentence
4284,能力,word
4285,そんなことは私の能力ではできない。,sentence
4286,無くす,word
4287,ここで何か無くしたのですか。,sentence
4288,なくす,word
4289,あいつはまた自分の傘をなくしたよ。,sentence
4290,臨,kanji
4291,その老人は生きる意欲をなくした。,sentence
4292,臨時,word
4293,彼等は貿易問題について臨時の会合を開いた。,sentence
4294,すっかり,word
4295,あと１、２週間も休めば、すっかりよくなりますよ。,sentence
4296,自信,word
4297,これが正しいかどうか自信がない。,sentence
4298,アメリカ人,word
4299,あなたに会いたがっているアメリカ人の女の子がいます。,sentence
4300,自己,word
4301,トムって自己中だと思う。,sentence
4302,テスト,word
4303,「テストどうだった？」「思ってたほど難しくなかった」,sentence
4304,自治,word
4305,その教師は学生自治委員会の決定を支持した。,sentence
4306,馬,word
4307,あなたの馬はどこ？,sentence
4308,稼,kanji
4309,稼,word-component
4310,破,word
4311,ばか,word
4312,あいつが僕のことを「ばかなやつ」っていったんだよ。,sentence
4313,航空,word
4314,晩,kanji
4315,晩,word
4316,あの晩、トムと一緒だった？,sentence
4317,色,word
4318,あなたはこの色が好きですか。,sentence
4319,火事,word
4320,その地震のあと火事となった。,sentence
4321,液,kanji
4322,芸術,word
4323,これは芸術なの？,sentence
4324,大いに,word
4325,あなたが教えてくれたことからおおいに得るところがあった。,sentence
4326,若者,word
4327,いったいこの本は若者のためになるのだろうか。,sentence
4328,落とす,word
4329,あの、帽子落とされましたよ。,sentence
4330,率,kanji
4331,英語,word
4332,「あなたはかなり英語が得意なんですよね？」「そう思いたいものです。」,sentence
4333,止まる,word
4334,あなたは絶対止まりませんね。,sentence
4335,行方,word
4336,容疑者の行方はまだ分からない。,sentence
4337,式,word
4338,その式に参加してくれますか。,sentence
4339,略,kanji
4340,行為,word
4341,あなたの行為の責任をもってもらおう。,sentence
4342,ケン,sentence-component
4343,あなたの車はケンによって洗われました。,sentence
4344,眼,kanji
4345,衛星,word
4346,月は地球の衛星だ。,sentence
4347,同意,word
4348,あなたがあの計画に同意してくれて、私はとてもうれしい。,sentence
4349,表情,word
4350,あなたの表情から良い知らせがあるとすぐ分かります。,sentence
4351,構う,word
4352,「結婚してからも私働いて構わないわよ」と彼女は言った。,sentence
4353,表現,word
4354,あの時は、どんなにうれしかったか表現できません。,sentence
4355,完全,word
4356,あなたたちはいつも完全である必要はありません。,sentence
4357,被害,word
4358,火はすぐに消されたので、その家はあまり被害を受けなかった。,sentence
4359,更に,word
4360,あなたは、それよりもさらに大きなことを見ることになります。,sentence
4361,装置,word
4362,この機械には安全装置が付いていない。,sentence
4363,不可能,word
4364,あなたがたの協力がなければこの計画は不可能でしょう。,sentence
4365,製,kanji
4366,製品,word
4367,あなたにお見せしたい新しい製品があります。,sentence
4368,予約,word
4369,「ホテルの予約はしてありますか」「すみませんが、まだなんです」,sentence
4370,製造,word
4371,この会社はテレビを製造しています。,sentence
4372,以外,word
4373,あなたが私に話してくれたこと以外彼について何も知らない。,sentence
4374,貧,kanji
4375,垂,kanji
4376,郵,kanji
4377,郵便,word
4378,けさは私に何か郵便来ていませんか。,sentence
4379,請,kanji
4380,要請,word
4381,そういう事情なのでその要請は認められない。,sentence
4382,貧しい,word
4383,あなたは別として、我々は皆貧しい。,sentence
4384,見解,word
4385,あなたの見解は興味深い。,sentence
4386,番号,word
4387,あなたの番号はお出になりません。,sentence
4388,親,word
4389,うちの親、俺の彼女のことが気に入らないんだ。,sentence
4390,カボチャ,word
4391,「カボチャ、いくつ欲しいの？」「３つ、お願いします」,sentence
4392,なんか,word
4393,あいつの言うことなんか気にするな。,sentence
4394,観光,word
4395,ところで、そこに滞在中、観光に行く暇はありましたか。,sentence
4396,辺り,word
4397,市内観光は楽しかったのですが、少し疲れてしまいました。,sentence
4398,測,kanji
4399,あたりがもう暗くなっていることに気がついた。,sentence
4400,観測,word
4401,彼がその辺りを突いてても何も感じなかったんだ。,sentence
4402,近付く,word
4403,あの犬には近づくな。,sentence
4404,富,kanji
4405,解散,word
4406,会は八時に解散した。,sentence
4407,場,word
4408,この場にいられることを、大変うれしく思います。,sentence
4409,禹,kanji
4410,属,kanji
4411,記念,word
4412,アメリカ旅行のよい記念になりました。,sentence
4413,現れる,word
4414,あまり待たないうちに彼が現れた。,sentence
4415,設備,word
4416,そのホテルは設備がよい。,sentence
4417,負ける,word
4418,あんな男にまけてはいけない。,sentence
4419,設置,word
4420,ボール,word
4421,あなたは二つのボールを持っています。,sentence
4422,斥,kanji
4423,訴,kanji
4424,訟,kanji
4425,訴訟,word
4426,私はその医者を相手取って訴訟を起こした。,sentence
4427,去年,word
4428,あなたは何故去年京都に住んでいたのですか。,sentence
4429,評,kanji
4430,評価,word
4431,あなたはどのようにして学生を評価しますか。,sentence
4432,肉,word
4433,2番のお料理には肉が入っています。,sentence
4434,試験,word
4435,1月に試験を受ける予定です。,sentence
4436,間違える,word
4437,あなたがたは間違えることを怖がる必要はありません。,sentence
4438,話題,word
4439,あなたは野球の話題を楽しんでいるのだと思っていました。,sentence
4440,毎朝,word
4441,あなたは毎朝たいてい何時に起きましたか。,sentence
4442,税,kanji
4443,認識,word
4444,世界は彼を認識していなかった。,sentence
4445,首,word
4446,あなたのおいでをみんなで首を長くして待っています。,sentence
4447,説明,word
4448,あとになって初めて、それをやった理由を彼は説明した。,sentence
4449,暖,kanji
4450,暖かい,word
4451,「私は暖かい家がほしいんだ」男の子は言いました。,sentence
4452,課長,word
4453,彼女は課長に話しかけた。,sentence
4454,種,word
4455,ある種の鳥は飛べない。,sentence
4456,講,kanji
4457,講演,word
4458,ラジオで彼の講演を聞いた。,sentence
4459,警視,word
4460,庁,kanji
4461,庁,word
4462,警視庁,word
4463,議論,word
4464,あなたと議論しても無駄だ。,sentence
4465,豊,kanji
4466,豊か,word
4467,あれは豊かな家庭です。,sentence
4468,賀,kanji
4469,負担,word
4470,その仕事は私の健康にとって負担だ。,sentence
4471,費用,word
4472,この費用は誰が出すの。,sentence
4473,資料,word
4474,それらの資料から私たちには、彼が話し好きで、芸術、政治、そして人生について議論するのが好きだったことがわかっている。,sentence
4475,墓,kanji
4476,資産,word
4477,彼女はちょっとした資産を持っている。,sentence
4478,賛,kanji
4479,賛成,word
4480,「私は彼に賛成です」「私もです」,sentence
4481,購,kanji
4482,不動産が高すぎるという意見に賛成だ。,sentence
4483,購入,word
4484,原子力を軍事上の目的に使用することに、われわれは絶対に賛成してはならない。,sentence
4485,損,kanji
4486,その他購入するものはありますでしょうか。,sentence
4487,赤字,word
4488,あの会社は赤字だ。,sentence
4489,身,word
4490,お母さんの身になってごらんなさい。,sentence
4491,軍,word
4492,この近くに軍の基地がある。,sentence
4493,罪,kanji
4494,輸送,word
4495,商品は船で輸送された。,sentence
4496,群,kanji
4497,辞任,word
4498,トムはメアリーの辞任を求めた。,sentence
4499,途,kanji
4500,首相と閣僚が辞任した。,sentence
4501,途中,word
4502,あなたは駅に行く途中ですか。,sentence
4503,通常,word
4504,この事務所の通常営業時間は９時から５時までです。,sentence
4505,通産,word-component
4506,通産省,word
4507,通貨,word
4508,当局は通貨を安定させようと懸命だが、どうにもならない。,sentence
4509,鉱,kanji
4510,絡,kanji
4511,連絡,word
4512,あなたから連絡がない限り、五時に会う予定でいます。,sentence
4513,預,kanji
4514,逮,kanji
4515,捕,kanji
4516,逮捕,word
4517,あなたを逮捕します。,sentence
4518,飼,kanji
4519,進出,word
4520,うちの会社がアメリカに進出するなんて夢にも思わなかった。,sentence
4521,運営,word
4522,学校を運営する費用が上昇し続けた。,sentence
4523,運転,word
4524,あなたが車を運転するのは危険だと思う。,sentence
4525,道路,word
4526,ある日彼はその道路を歩いていました。,sentence
4527,徳,kanji
4528,違い,word
4529,あなたと彼女の考えには違いがありますか。,sentence
4530,選ぶ,word
4531,それらの事実から判断すれば、森氏は金持ちにちがいない。,sentence
4532,部屋,word
4533,どこか機構が悪いに違いない。,sentence
4534,長期,word
4535,「神様!誰がこの人達を選んだの?」「神様がこの人達を選んだんだよ。」,sentence
4536,開催,word
4537,あいつら、ホテルの部屋の鍵失くしたんだ。,sentence
4538,開始,word
4539,そのコンサートは来年の夏に開催される。,sentence
4540,帛,kanji
4541,その会合は当初の予定どおりに開催された。,sentence
4542,綿,kanji
4543,パーティーの開始に間に合うでしょうか。,sentence
4544,開放,word
4545,その公園は全ての人に開放されています。,sentence
4546,関税,word
4547,このカメラには関税がかかります。,sentence
4548,防止,word
4549,複,kanji
4550,障,kanji
4551,障害,word
4552,彼は多くの障害にもかかわらずその仕事をした。,sentence
4553,適,kanji
4554,集会,word
4555,先月、集会があった。,sentence
4556,夋,kanji
4557,酸,kanji
4558,集団,word
4559,日本人は集団で旅行するのが好きだ。,sentence
4560,銅,kanji
4561,雇,kanji
4562,雇用,word
4563,銭,kanji
4564,雑,kanji
4565,誌,kanji
4566,雑誌,word
4567,あなたが私に貸してくれた雑誌はとてもおもしろい。,sentence
4568,難民,word
4569,僕は難民です。,sentence
4570,雨,word
4571,「明日雨が降るだろうか」「降らないと思う」,sentence
4572,電気,word
4573,私は花に水をやる必要はなかった。水をやった直後に雨が降り始めた。,sentence
4574,需,kanji
4575,雨が降る恐れがある。,sentence
4576,需要,word
4577,あなた電気を消し忘れてたわよ。,sentence
4578,非常,word
4579,この商品の需要は多い。,sentence
4580,水(氺),kanji-variant
4581,あなたの質問は答えるのが非常に難しい。,sentence
4582,暴,kanji
4583,面,word
4584,あたり１面花だった。,sentence
4585,絜,kanji
4586,潔,kanji
4587,革命,word
4588,その国に革命が起こった。,sentence
4589,音,word
4590,「テレビの音を小さくしてもらえませんか」って言ったんですよ！,sentence
4591,首都,word
4592,アメリカの首都はどこですか。,sentence
4593,黒字,word
4594,今月は黒字である。,sentence
4595,燃,kanji
4596,日本の貿易黒字は史上最高を記録しました。,sentence
4597,一定,word
4598,筑,kanji
4599,築,kanji
4600,曾,kanji
4601,層,kanji
4602,一層,word
4603,あなたと会って、より一層あなたのことが、好きになりました。,sentence
4604,三つ,word
4605,下車,word
4606,次の駅で下車します。,sentence
4607,不信,word
4608,両親,word
4609,あなたに、私の両親に会ってもらいたいんですが。,sentence
4610,中学,word
4611,彼は、中学で英語を教えている。,sentence
4612,中学生,word
4613,彼は中学生になった。,sentence
4614,中止,word
4615,あれほど激しく雨が降らなかったら、試合は中止されなかっただろう。,sentence
4616,乗用,word
4617,乗用車,word
4618,大きな乗用車が止まり、背の高い女性が降りた。,sentence
4619,額,kanji
4620,争い,word
4621,争いでは何も解決しないよ。,sentence
4622,交代,word
4623,そこは行く途中私達は交代で車を運転した。,sentence
4624,仕組み,word
4625,この機械の仕組みを説明してもらえますか？,sentence
4626,付近,word
4627,代わり,word
4628,あなたの代わりに私が彼に会いに行きます。,sentence
4629,代理,word
4630,彼は兄の代理として集会に参加した。,sentence
4631,以前,word
4632,あなたに以前会ったことがあるように思う。,sentence
4633,仁,kanji
4634,任期,word
4635,大統領の任期は四年である。,sentence
4636,伸,kanji
4637,伸び,word
4638,父は夕食がすんでから伸びをした。,sentence
4639,低下,word
4640,住所,word
4641,あなたが彼女の住所を知らないなんて考えられない。,sentence
4642,体育,word
4643,トムは体育の先生だ。,sentence
4644,何か,word
4645,幼,kanji
4646,何度,word
4647,あの本は何度も読んだことがある。,sentence
4648,裕,kanji
4649,余裕,word
4650,これ以上時間を無駄にしてる余裕はないんだ。,sentence
4651,供給,word
4652,あなたは私が必要としているものすべてを私に供給できますか。,sentence
4653,価値,word
4654,供給は需要に比例する。,sentence
4655,后,kanji
4656,「このカメラはどれくらいの価値がありますか」「約１００ドルくらいです」,sentence
4657,促,kanji
4658,促進,word
4659,世界平和を促進するために、努力しなければならない。,sentence
4660,保証,word
4661,この情報が間違い無いことは私が保証します。,sentence
4662,信用,word
4663,「信用して」と彼は言った。,sentence
4664,信頼,word
4665,あなたは私たちの誰からも信頼されている。,sentence
4666,俳,kanji
4667,俳優,word
4668,あなたの好きな俳優は誰ですか。,sentence
4669,値上げ,word
4670,４月から公共料金が値上げになる。,sentence
4671,倫,kanji
4672,倫理,word
4673,側,word
4674,「それに、地球の反対側だと考えればそんなに高くはないわよ」と言う。,sentence
4675,優先,word
4676,何よりも安全を優先しなければならない。,sentence
4677,児童,word
4678,以前から児童文学を書いてみたいと思っていました。,sentence
4679,否,kanji
4680,入札,word
4681,全力,word
4682,あなたは全力を出しさえすればよい。,sentence
4683,全部,word
4684,「僕のケーキは？」「ごめん、全部食べちゃった」,sentence
4685,公明,word
4686,兵士,word
4687,あの兵士は先生になりました。,sentence
4688,再建,word
4689,再開,word
4690,学校は九月に再開される。,sentence
4691,冬,word
4692,あまりお金がないので、私はこの冬は新しいコートなしで過ごさなければならない。,sentence
4693,孚,kanji
4694,乳,kanji
4695,出席,word
4696,「どうして日本に行くの？」「東京の会議に出席するためだ」,sentence
4697,出演,word
4698,トムはテレビに出演するようにいわれた。,sentence
4699,出版,word
4700,あなたの本、いつ出版されるの？,sentence
4701,析,kanji
4702,分析,word
4703,この分析では次の結果が出ている。,sentence
4704,制作,word
4705,制限,word
4706,このテストに時間制限はありません。,sentence
4707,宝,kanji
4708,割合,word
4709,届,kanji
4710,劇,word
4711,「私はその劇を見たことがあります」「私もあります」,sentence
4712,勉強,word
4713,「何の勉強してるの？」「フランス語よ」,sentence
4714,動向,word
4715,財政の専門家たちは最近の動向をどう判断してよいのかわからないのです。,sentence
4716,勝る,word
4717,「私の後から来る方は私に優る方である。私より先におられたからである。」といったのはこの方の事です。,sentence
4718,拝,kanji
4719,勝負,word
4720,トムと勝負してるの？,sentence
4721,勢い,word
4722,彼の勢いはもうだれにも止められない。,sentence
4723,勤,kanji
4724,勤務,word
4725,その警官は今勤務中だ。,sentence
4726,沿,kanji
4727,半,word
4728,トムは1年半前に亡くなりました。,sentence
4729,卒業,word
4730,あなたがアメリカから帰るまでに私は大学を卒業してしまっているでしょう。,sentence
4731,城,kanji
4732,単位,word
4733,単位を落としちゃうかもしれないんだよ。,sentence
4734,奏,kanji
4735,印象,word
4736,この本の印象をどうぞ。,sentence
4737,原告,word
4738,原油,word
4739,参考,word
4740,ご参考までに。,sentence
4741,巻,kanji
4742,友好,word
4743,これらの動物はとても友好的でもある。,sentence
4744,反応,word
4745,我々は日米間の友好関係を維持しなければならない。,sentence
4746,収支,word
4747,このニュースに対する彼の反応はどうでしたか。,sentence
4748,染,kanji
4749,何とか収支が合えばいいんだが。,sentence
4750,帝,kanji
4751,締,kanji
4752,取り締まり,word
4753,取締役,word
4754,取締役の演説をどう思いますか。,sentence
4755,并,kanji
4756,併,kanji
4757,合併,word
4758,たぶん会社が合併するんじゃないかって思うんだけど。,sentence
4759,合同,word
4760,合計,word
4761,この数字を合計しなさい。,sentence
4762,同士,word
4763,彼らはお隣同士です。,sentence
4764,向上,word
4765,あなたのフランス語を向上させる機会になるだろうと思いました。,sentence
4766,手(龵),kanji-variant
4767,看,kanji
4768,周囲,word
4769,周囲には誰も居なかった。,sentence
4770,砂,kanji
4771,紅,kanji
4772,和解,word
4773,僕は彼らを和解させてくれるように彼に頼んだ。,sentence
4774,肺,kanji
4775,唯一,word
4776,あなたは、私の知っている中で、唯一、ボストンに行ったことがある人です。,sentence
4777,国交,word
4778,国営,word
4779,圧力,word
4780,その計画は世論の圧力で中止になった。,sentence
4781,地,word
4782,ここの地ビールは美味しい。,sentence
4783,地上,word
4784,太陽がなければ私たちは地上で生きていけない。,sentence
4785,地下,word
4786,今日は地上、明日は地下。,sentence
4787,地位,word
4788,あなたは会社での地位に満足していますか。,sentence
4789,地価,word
4790,日本の地価はとても高い。,sentence
4791,盤,kanji
4792,基盤,word
4793,場面,word
4794,この場面は君が良くない。,sentence
4795,朗,kanji
4796,塾,kanji
4797,塾,word
4798,塾に行かなきゃ。,sentence
4799,売り上げ,word
4800,今は売り上げが落ちている。,sentence
4801,玨,kanji
4802,班,kanji
4803,売買,word
4804,変わる,word
4805,「トムのこと嫌いなの？」「嫌いじゃないよ。ちょっと変わった人だなとは思うけど」,sentence
4806,納,kanji
4807,社会構造はそれほど変わらない。,sentence
4808,変更,word
4809,この分では予定を変更せざるをえないだろう。,sentence
4810,屯,kanji
4811,純,kanji
4812,多様,word
4813,病気は通常１つではなく、多様な原因によって起こる。,sentence
4814,蚕,kanji
4815,多角,word
4816,大人,word
4817,「ぼく早く大人になりたい」「なんで？」「だって、大人になったらもう勉強しなくていいんでしょ？」,sentence
4818,大使館,word
4819,オーストラリア大使館はどこですか？,sentence
4820,大半,word
4821,トムはメアリーにいくつか答えられない質問もしたが、メアリーは大半の質問には答えることができた。,sentence
4822,坒,kanji
4823,大手銀行の大半がこの制度を導入している。,sentence
4824,陛,kanji
4825,大型,word
4826,彼らは大型の車が好きだった。,sentence
4827,大臣,word
4828,ここが総理大臣の住んでいる家です。,sentence
4829,骨,kanji
4830,大量,word
4831,彼はあまりにも大量のビールを飲む。,sentence
4832,天,word
4833,トムは天にも昇る思いだった。,sentence
4834,失業,word
4835,この２年間彼女は失業している。,sentence
4836,好調,word
4837,彼女好調ですね。,sentence
4838,妥,kanji
4839,妥協,word
4840,この店に関しては妥協せざるを得なかった。,sentence
4841,学園,word
4842,学習,word
4843,あなたの学校ではどの男子も料理を学習しなければなりませんか。,sentence
4844,学者,word
4845,ある学者が人権についてすばらしい演説を行った。,sentence
4846,異,kanji
4847,定期,word
4848,ボブは定期を家に忘れ、そのせいで学校に遅刻した。,sentence
4849,盛,kanji
4850,実は,word
4851,実行,word
4852,あなたがすぐにしなければならない最も大切なことの一つは、その計画を実行することだ。,sentence
4853,翌,kanji
4854,対日,word
4855,アメリカの対日貿易赤字は解決の見通しがありません。,sentence
4856,専攻,word
4857,トムはフランス語を専攻してたんだ。,sentence
4858,著,kanji
4859,小,word
4860,われわれの世界は宇宙の小部分にすぎない。,sentence
4861,小学校,word
4862,この本はね、小学校の時に読んだよ。,sentence
4863,小説,word
4864,「どんな本を読んでるの？」「小説よ」,sentence
4865,少数,word
4866,その店には少数の客がいた。,sentence
4867,就職,word
4868,やっと就職できたぞ！,sentence
4869,川,word
4870,あなたがその川を渡るのは危険だと思う。,sentence
4871,郷,kanji
4872,差別,word
4873,すべての差別を無くすために、私たちはあらゆる努力をしなければならない。,sentence
4874,閉,kanji
4875,帰国,word
4876,まもなく父は帰国するだろうと思います。,sentence
4877,年度,word
4878,廃,kanji
4879,廃止,word
4880,あの古い法律はみな廃止されてしまった。,sentence
4881,創,kanji
4882,建物,word
4883,あの建物、私の娘にくれてください。,sentence
4884,建築,word
4885,あの頃は私の家は建築中だった。,sentence
4886,強制,word
4887,トムは私に箱を開けるよう強制した。,sentence
4888,当然,word
4889,あなたがそう考えるのは当然だ。,sentence
4890,後援,word
4891,その会は外務省の後援で開かれた。,sentence
4892,揮,kanji
4893,従業,word
4894,従業員,word
4895,うちの従業員はほとんどが若い人たちだ。,sentence
4896,微,kanji
4897,妙,kanji
4898,微妙,word
4899,その二つの事の間には微妙な違いがある。,sentence
4900,徹,kanji
4901,徹底,word
4902,あなたは徹底した人間嫌いですね。,sentence
4903,奉,kanji
4904,棒,kanji
4905,必ず,word
4906,「必ず戻ってくるからな」というのが、彼の言った言葉です。,sentence
4907,志,word
4908,募,kanji
4909,応募,word
4910,この応募の中から一人を選ばなくてはなりません。,sentence
4911,応援,word
4912,あなたに応援をお願いしたくてここに来ました。,sentence
4913,乑,kanji
4914,衆,kanji
4915,思想,word
4916,彼は自分の思想を作品によって表現した。,sentence
4917,急,word
4918,この川の流れは急だ。,sentence
4919,急速,word
4920,その市場は急速に拡大している。,sentence
4921,性格,word
4922,「母さん、どうして僕ってこんなバカなの？」「性格悪いより、いいよ」,sentence
4923,詞,kanji
4924,息子,word
4925,3歳になったばかりの息子がいます。,sentence
4926,感染,word
4927,トムさんは目の感染がかかっています。,sentence
4928,傷,kanji
4929,感覚,word
4930,あなた自身の感覚を持つことが大切だ。,sentence
4931,幕,kanji
4932,態勢,word
4933,成功,word
4934,あなたが成功したのは努力の結果だ。,sentence
4935,源,kanji
4936,条約は成功しませんでした。,sentence
4937,成績,word
4938,あなたの成績のことで話があります。,sentence
4939,戦い,word
4940,ここが、その戦いのあった所です。,sentence
4941,肙,kanji
4942,絹,kanji
4943,手段,word
4944,あらゆる可能な手段をつくしてみた。,sentence
4945,署,kanji
4946,手紙,word
4947,あす手紙を書くのを忘れないように私に注意してください。,sentence
4948,聖,kanji
4949,手術,word
4950,この手術は成功するかしら、と彼は思った。,sentence
4951,打撃,word
4952,この何ヶ月かはひどい打撃を受けました。,sentence
4953,氶,kanji
4954,丞,kanji
4955,烝,kanji
4956,蒸,kanji
4957,抗,kanji
4958,抵抗,word
4959,あなたが抵抗しても無駄だ。,sentence
4960,裏,kanji
4961,巨,kanji
4962,拒,kanji
4963,拒否,word
4964,その委員会は実行不可能という理由でその提案を拒否した。,sentence
4965,誠,kanji
4966,指定,word
4967,彼は私に読むべき本を３冊指定した。,sentence
4968,賃,kanji
4969,指揮,word
4970,我々は彼の指揮下にいる。,sentence
4971,挑,kanji
4972,挑戦,word
4973,あまりに難しいから挑戦するのはやめることにしたよ。,sentence
4974,授業,word
4975,あなたは月曜日にいくつ授業がありますか。,sentence
4976,提供,word
4977,この情報をすぐに提供してくれ。,sentence
4978,提出,word
4979,この宿題は月曜日に提出することになっている。,sentence
4980,磁,kanji
4981,損失,word
4982,彼の死は国家的な損失だと思います。,sentence
4983,穀,kanji
4984,損害,word
4985,その会社は大損害を受けた。,sentence
4986,撮,kanji
4987,撮影,word
4988,この写真は彼によって撮影された。,sentence
4989,支払い,word
4990,そういうわけで彼は支払いができないのです。,sentence
4991,吴,kanji
4992,誤,kanji
4993,支配,word
4994,いつかは君の支配が終わると思っていたのに。,sentence
4995,政局,word
4996,実際のところ、これは官僚支配の有力な手段なのである。,sentence
4997,救援,word
4998,もし彼の救援がなかったら、私たちは事業に失敗していただろう。,sentence
4999,教室,word
5000,救援隊が到着したとき彼はまだ生きていた。,sentence
5001,文字,word
5002,この教室はきれいにされる。,sentence
5003,潮,kanji
5004,お前は何でもかんでも文字通りに受け取り過ぎなんだよ。,sentence
5005,文部,word
5006,文部省,word
5007,熟,kanji
5008,新幹線,word
5009,新しい新幹線の速いこと！,sentence
5010,旅,word
5011,あなたは一人で旅に出さえすればよい。,sentence
5012,日常,word
5013,多くの人が日常のことについて文を書く。,sentence
5014,諸,kanji
5015,明治,word
5016,遺,kanji
5017,是正,word
5018,奞,kanji
5019,奮,kanji
5020,普及,word
5021,広告の目的は製品の名を消費者に普及させることにある。,sentence
5022,曲,word
5023,あの曲が頭から離れない。,sentence
5024,喿,kanji
5025,操,kanji
5026,最低,word
5027,あなたって、最低。,sentence
5028,尌,kanji
5029,樹,kanji
5030,有名,word
5031,あなたは有名ですか？,sentence
5032,有権,word
5033,有権者,word
5034,唐,kanji
5035,糖,kanji
5036,期限,word
5037,期限は守るようにしてるんだ。,sentence
5038,縦,kanji
5039,未明,word
5040,岡,kanji
5041,鋼,kanji
5042,本来,word
5043,それが彼本来の性格なのだ。,sentence
5044,本格,word
5045,若者達は本来の親の考えに対して反発するものだ。,sentence
5046,本格的,word
5047,本格的な休暇は３年ぶりだ。,sentence
5048,敢,kanji
5049,厳,kanji
5050,材料,word
5051,このケーキは最高の材料で作られている。,sentence
5052,縮,kanji
5053,村,word
5054,あの村に行ったことってある？,sentence
5055,臓,kanji
